title,price,shop,detail_url
"奥林巴斯（OLYMPUS）OM-1微单相机 数码相机 微单机身 7档机身防抖 1053对焦点 全像素高速连拍 高速动态视频
								【预售】100抵2100！7档机身防抖！全像素高速连拍！高速动态视频！旗舰级专业微单相机！买家秀赠128G极速卡！白条免息！",￥,奥林巴斯京东自营旗舰店,https://item.jd.com/100033146316.html
"京东国际	
奥林巴斯奥之心-/四代微型单电无反入门数码相机 ' 银14-42+黑40-150双镜头",￥9502.02,HAOSHEG海外专营店,https://item.jd.com/10096803991748.html
"京东国际	
奥林巴斯（OLYMPUS）PEN E-P7 EP7 EM10四代 微单相机 数码相机套机 双镜头 复古旅游学生相机 E-P7 双变焦镜头套机 银黑色",￥6669.00,信威国际海外旗舰店,https://item.jd.com/10093113746181.html
"奥林巴斯 OLYMPUS PEN E-P7 微单相机 EP7数码相机 微单套机（14-42mm F3.5-5.6）2030万像素
								经典色彩配置！高颜值微单相机！买家秀赠64G卡！白条免息！",￥,奥林巴斯京东自营旗舰店,https://item.jd.com/100023131362.html
"京东国际	
奥林巴斯（OLYMPUS）PEN E-P7 EP7 EM10四代 微单相机 数码相机套机 双镜头 复古旅游学生相机 E-P7+14-42mm单变焦镜头套机 银白色",￥5999.00,信威国际海外旗舰店,https://item.jd.com/10101350376646.html
"京东国际	
奥林巴斯（OLYMPUS）【奥林巴斯】Olympus/奥林巴斯 fe CCD老数码相机 复古感 详细介绍和样片 标配
								本店所售机器均为展示机或者仅拆封的机器，本店不支持七天无理由，请了解后考虑清楚再下单。",￥959.00,XINGRUI运动户外海外专营店,https://item.jd.com/10101372698107.html
奥林巴斯（OLYMPUS）OM-1微单相机 数码相机 微单机身 （12-40mm F2.8 PRO II）1053对焦点 全像素高速连拍,￥,奥林巴斯京东自营旗舰店,https://item.jd.com/100033146314.html
"京东国际	
奥林巴斯（OLYMPUS）奥之心 PEN E-P7 微单相机 数码复古相机 微单无反照相机 EP7+14-42mm镜头 白色
								【京东国际自营】经典复古设计，可翻转屏幕，4K视频拍摄！保税仓发货，最快次日达！",￥5799.00,数码海外京东自营专区,https://item.jd.com/100089283460.html
"京东国际	
奥林巴斯（OLYMPUS）PEN E-P7 EP7 EM10四代 微单相机 数码相机套机 双镜头 复古旅游学生相机 E-P7 双变焦镜头套机 银白色",￥6399.00,信威国际海外旗舰店,https://item.jd.com/10093113746180.html
"京东国际	
奥林巴斯（OLYMPUS）PEN-FpenfEP7EP5EPL7EPL9EPL10高端复古微单相机 98新E-P.L5 官方标配 +14-42EZ 电动变焦镜头",￥3194.02,JINGSONG运动户外海外专营店,https://item.jd.com/10103076817268.html
"拍拍	
奥林巴斯/OLYMPUS 二手微单相机 EPL8 9 EM5 EM10 二代三代微单反复古照相机 奥林巴斯 E-PL1 仅机身 95成新",￥899.00,摄贸二手数码专营店,https://item.jd.com/10081744164928.html
"京东国际	
奥林巴斯（OLYMPUS）OM-5 微单相机数码相机 五轴防抖手持高像素 星空自动对焦 OM-5 单机身 黑色",￥7199.00,amazing world海外专营店,https://item.jd.com/10028266899104.html
"奥林巴斯（OLYMPUS）M.ZUIKO DIGITAL ED 30mm F3.5 Macro 微距镜头 微单镜头 等效60mm
								等效60mm微距镜头到手价不高于1699元！白条免息！",￥,奥林巴斯京东自营旗舰店,https://item.jd.com/3924874.html
"拍拍	
奥林巴斯/OLYMPUS EM5 EM10 微单相机 套机 奥林巴斯 二手微单相机 95新 奥林巴斯E-M10 14-42 套机 黑色 95新",￥2599.00,摄贸二手数码专营店,https://item.jd.com/57522244867.html
"京东国际	
奥林巴斯（OLYMPUS）E-M10 MarkIV EM10四代 微单相机 数码相机 微单套机 E-M10 M4 14-42mm+40-150mm 黑色
								【京东国际自营】限时晒单送备用电池！小巧轻量，4.5档机身防抖，全新2030万像素！保税仓发货，最快次日达！",￥6499.00,数码海外京东自营专区,https://item.jd.com/100096881751.html
"京东国际	
奥林巴斯（OLYMPUS）SZ-MR长焦数码微单卡片相机追月亮神器SZ 标配 7成新奥林巴斯SZ-30MR(已售完)
								本店所售机器均为展示机或者仅拆封的机器，本店不支持七天无理由，请了解后考虑清楚再下单。",￥1019.00,XINGRUI运动户外海外专营店,https://item.jd.com/10101372562044.html
"拍拍	
奥林巴斯/OLYMPUS EM5 EM10 微单相机 套机 奥林巴斯 二手微单相机 95新 奥林巴斯 PL1S 单机 95新",￥799.00,摄贸二手数码专营店,https://item.jd.com/10093028075512.html
"京东国际	
奥林巴斯（OLYMPUS）胶片机 OM1 Om-1 OM-1N 50/1.8 套机 胶卷相机",￥2070.00,BXHS海外专营店,https://item.jd.com/10102927464226.html
奥林巴斯（）-微单相机数码相机套机双镜头复古旅游学生相机 ' E-P7+14-42mm单变焦镜头套机 银,￥8908.02,Flame海外旗舰店,https://item.jd.com/10101097488153.html
"京东国际	
奥林巴斯-四代微单相机数码相机单机身.档强化机身防抖 ' 14-42mm银",￥8548.10,HAOSHEG海外专营店,https://item.jd.com/10096804093963.html
"京东国际	
奥林巴斯（OLYMPUS）EPL7女生入门级微单学生数码照相机vlog旅游高清自拍 95新EPL7 标配【单机身】 单机不带镜",￥2207.00,COLALA海外旗舰店,https://item.jd.com/10103713712512.html
"京东国际	
奥林巴斯（OLYMPUS）PEN-FpenfEP7EP5EPL7EPL9EPL10高端复古微单相机 98新E-P.L7 官方标配 +14-42EZ 电动变焦镜头",￥4580.82,JINGSONG运动户外海外专营店,https://item.jd.com/10103076817252.html
"京东国际	
奥林巴斯（OLYMPUS）STYLUS SH-1/SH-60/SH-50/SH-25/VH510复古相机 SH-21变焦12.5倍 标配",￥1332.00,LEONA海外卖场店,https://item.jd.com/10104049577015.html
"拍拍	
奥林巴斯/OLYMPUS 二手微单相机 EPL8 9 EM5 EM10 二代三代微单反复古照相机 奥林巴斯 PL1S 仅机身 95成新",￥799.00,摄贸二手数码专营店,https://item.jd.com/10093033769826.html
奥林巴斯（）-微单相机数码相机套机双镜头复古旅游学生相机 ' E-P7+14-42mm单变焦镜头套机 银,￥8908.02,Flame海外旗舰店,https://item.jd.com/10101097421736.html
"京东国际	
奥林巴斯（OLYMPUS）M.ZUIKO DIGITAL 45mm F1.8 定焦人像镜头 微单镜头 背景虚化 银色 等效90mm 45mm F1.8 银色",￥1499.00,蜗牛国际数码海外官方旗舰店,https://item.jd.com/10099547189303.html
"拍拍	
奥林巴斯/OLYMPUS 二手微单相机 EPL8 9 EM5 EM10 二代三代微单反复古照相机 奥林巴斯 E-PL7 14-42套机 95成新",￥2379.00,摄贸二手数码专营店,https://item.jd.com/10081744164594.html
"京东国际	
奥林巴斯（OLYMPUS）PEN-FpenfEP7EP5EPL7EPL9EPL10高端复古微单相机 99新E-P5 官方标配 +14-42EZ 电动变焦镜头",￥5534.42,JINGSONG运动户外海外专营店,https://item.jd.com/10103076817248.html
"拍拍	
奥林巴斯/OLYMPUS EM5 EM10 微单相机 套机 奥林巴斯 二手微单相机 95新 奥林巴斯E-PL3  14-42套机 95新",￥1399.00,摄贸二手数码专营店,https://item.jd.com/10054478818887.html
奥林巴斯（OLYMPUS）E-M10 MarkIV EM10四代 数码微单相机 银色【E-M10 M4】14-42套机 套餐二,￥6799.00,腾苈跃数码经营部,https://item.jd.com/10100516476232.html
"奥林巴斯（OLYMPUS）OM-1微单相机 数码相机 微单机身 7档机身防抖 1053对焦点 全像素高速连拍 高速动态视频
								【预售】100抵2100！7档机身防抖！全像素高速连拍！高速动态视频！旗舰级专业微单相机！买家秀赠128G极速卡！白条免息！",￥,奥林巴斯京东自营旗舰店,https://item.jd.com/100033146316.html
"京东国际	
奥林巴斯奥之心-/四代微型单电无反入门数码相机 ' 银14-42+黑40-150双镜头",￥9502.02,HAOSHEG海外专营店,https://item.jd.com/10096803991748.html
"京东国际	
奥林巴斯（OLYMPUS）PEN E-P7 EP7 EM10四代 微单相机 数码相机套机 双镜头 复古旅游学生相机 E-P7 双变焦镜头套机 银黑色",￥6669.00,信威国际海外旗舰店,https://item.jd.com/10093113746181.html
"奥林巴斯 OLYMPUS PEN E-P7 微单相机 EP7数码相机 微单套机（14-42mm F3.5-5.6）2030万像素
								经典色彩配置！高颜值微单相机！买家秀赠64G卡！白条免息！",￥,奥林巴斯京东自营旗舰店,https://item.jd.com/100023131362.html
"京东国际	
奥林巴斯（OLYMPUS）PEN E-P7 EP7 EM10四代 微单相机 数码相机套机 双镜头 复古旅游学生相机 E-P7+14-42mm单变焦镜头套机 银白色",￥5999.00,信威国际海外旗舰店,https://item.jd.com/10101350376646.html
"京东国际	
奥林巴斯（OLYMPUS）【奥林巴斯】Olympus/奥林巴斯 fe CCD老数码相机 复古感 详细介绍和样片 标配
								本店所售机器均为展示机或者仅拆封的机器，本店不支持七天无理由，请了解后考虑清楚再下单。",￥959.00,XINGRUI运动户外海外专营店,https://item.jd.com/10101372698107.html
奥林巴斯（OLYMPUS）OM-1微单相机 数码相机 微单机身 （12-40mm F2.8 PRO II）1053对焦点 全像素高速连拍,￥,奥林巴斯京东自营旗舰店,https://item.jd.com/100033146314.html
"京东国际	
奥林巴斯（OLYMPUS）奥之心 PEN E-P7 微单相机 数码复古相机 微单无反照相机 EP7+14-42mm镜头 白色
								【京东国际自营】经典复古设计，可翻转屏幕，4K视频拍摄！保税仓发货，最快次日达！",￥5799.00,数码海外京东自营专区,https://item.jd.com/100089283460.html
"京东国际	
奥林巴斯（OLYMPUS）PEN E-P7 EP7 EM10四代 微单相机 数码相机套机 双镜头 复古旅游学生相机 E-P7 双变焦镜头套机 银白色",￥6399.00,信威国际海外旗舰店,https://item.jd.com/10093113746180.html
"京东国际	
奥林巴斯（OLYMPUS）PEN-FpenfEP7EP5EPL7EPL9EPL10高端复古微单相机 98新E-P.L5 官方标配 +14-42EZ 电动变焦镜头",￥3194.02,JINGSONG运动户外海外专营店,https://item.jd.com/10103076817268.html
"拍拍	
奥林巴斯/OLYMPUS 二手微单相机 EPL8 9 EM5 EM10 二代三代微单反复古照相机 奥林巴斯 E-PL1 仅机身 95成新",￥899.00,摄贸二手数码专营店,https://item.jd.com/10081744164928.html
"京东国际	
奥林巴斯（OLYMPUS）OM-5 微单相机数码相机 五轴防抖手持高像素 星空自动对焦 OM-5 单机身 黑色",￥7199.00,amazing world海外专营店,https://item.jd.com/10028266899104.html
"奥林巴斯（OLYMPUS）M.ZUIKO DIGITAL ED 30mm F3.5 Macro 微距镜头 微单镜头 等效60mm
								等效60mm微距镜头到手价不高于1699元！白条免息！",￥,奥林巴斯京东自营旗舰店,https://item.jd.com/3924874.html
"拍拍	
奥林巴斯/OLYMPUS EM5 EM10 微单相机 套机 奥林巴斯 二手微单相机 95新 奥林巴斯E-M10 14-42 套机 黑色 95新",￥2599.00,摄贸二手数码专营店,https://item.jd.com/57522244867.html
"京东国际	
奥林巴斯（OLYMPUS）E-M10 MarkIV EM10四代 微单相机 数码相机 微单套机 E-M10 M4 14-42mm+40-150mm 黑色
								【京东国际自营】限时晒单送备用电池！小巧轻量，4.5档机身防抖，全新2030万像素！保税仓发货，最快次日达！",￥6499.00,数码海外京东自营专区,https://item.jd.com/100096881751.html
"京东国际	
奥林巴斯（OLYMPUS）SZ-MR长焦数码微单卡片相机追月亮神器SZ 标配 7成新奥林巴斯SZ-30MR(已售完)
								本店所售机器均为展示机或者仅拆封的机器，本店不支持七天无理由，请了解后考虑清楚再下单。",￥1019.00,XINGRUI运动户外海外专营店,https://item.jd.com/10101372562044.html
"拍拍	
奥林巴斯/OLYMPUS EM5 EM10 微单相机 套机 奥林巴斯 二手微单相机 95新 奥林巴斯 PL1S 单机 95新",￥799.00,摄贸二手数码专营店,https://item.jd.com/10093028075512.html
"京东国际	
奥林巴斯（OLYMPUS）胶片机 OM1 Om-1 OM-1N 50/1.8 套机 胶卷相机",￥2070.00,BXHS海外专营店,https://item.jd.com/10102927464226.html
奥林巴斯（OLYMPUS）PEN E-P7 微单相机 奥之心复古无反数码相机 轻巧便携 日本直邮 PEN E-P7白色 单机身,￥5299.00,MABC海外官方旗舰店,https://item.jd.com/10073065752217.html
"京东国际	
奥林巴斯-四代微单相机数码相机单机身.档强化机身防抖 ' 14-42mm银",￥8548.10,HAOSHEG海外专营店,https://item.jd.com/10096804093963.html
"京东国际	
奥林巴斯（OLYMPUS）EPL7女生入门级微单学生数码照相机vlog旅游高清自拍 95新EPL7 标配【单机身】 单机不带镜",￥2207.00,COLALA海外旗舰店,https://item.jd.com/10103713712512.html
"京东国际	
奥林巴斯（OLYMPUS）PEN-FpenfEP7EP5EPL7EPL9EPL10高端复古微单相机 98新E-P.L7 官方标配 +14-42EZ 电动变焦镜头",￥4580.82,JINGSONG运动户外海外专营店,https://item.jd.com/10103076817252.html
"京东国际	
奥林巴斯（OLYMPUS）STYLUS SH-1/SH-60/SH-50/SH-25/VH510复古相机 SH-21变焦12.5倍 标配",￥1332.00,LEONA海外卖场店,https://item.jd.com/10104049577015.html
"拍拍	
奥林巴斯/OLYMPUS 二手微单相机 EPL8 9 EM5 EM10 二代三代微单反复古照相机 奥林巴斯 PL1S 仅机身 95成新",￥799.00,摄贸二手数码专营店,https://item.jd.com/10093033769826.html
奥林巴斯（OLYMPUS）PENE-P7微单相机EP7相机套机照相机复古旅游学生相机E-P7单机白色 E-P7 单机银色,￥8597.00,ABSUN海外旗舰店,https://item.jd.com/10095993754984.html
"京东国际	
奥林巴斯（OLYMPUS）M.ZUIKO DIGITAL 45mm F1.8 定焦人像镜头 微单镜头 背景虚化 银色 等效90mm 45mm F1.8 银色",￥1499.00,蜗牛国际数码海外官方旗舰店,https://item.jd.com/10099547189303.html
"拍拍	
奥林巴斯/OLYMPUS 二手微单相机 EPL8 9 EM5 EM10 二代三代微单反复古照相机 奥林巴斯 E-PL7 14-42套机 95成新",￥2379.00,摄贸二手数码专营店,https://item.jd.com/10081744164594.html
"京东国际	
奥林巴斯（OLYMPUS）PEN-FpenfEP7EP5EPL7EPL9EPL10高端复古微单相机 99新E-P5 官方标配 +14-42EZ 电动变焦镜头",￥5534.42,JINGSONG运动户外海外专营店,https://item.jd.com/10103076817248.html
"拍拍	
奥林巴斯/OLYMPUS EM5 EM10 微单相机 套机 奥林巴斯 二手微单相机 95新 奥林巴斯E-PL3  14-42套机 95新",￥1399.00,摄贸二手数码专营店,https://item.jd.com/10054478818887.html
奥林巴斯（OLYMPUS）E-M10 MarkIV EM10四代 数码微单相机 银色【E-M10 M4】14-42套机 套餐二,￥6799.00,腾苈跃数码经营部,https://item.jd.com/10100516476232.html
"奥林巴斯（OLYMPUS）OM-1微单相机 数码相机 微单机身 7档机身防抖 1053对焦点 全像素高速连拍 高速动态视频
								【预售】100抵2100！7档机身防抖！全像素高速连拍！高速动态视频！旗舰级专业微单相机！买家秀赠128G极速卡！白条免息！",￥,奥林巴斯京东自营旗舰店,https://item.jd.com/100033146316.html
"京东国际	
奥林巴斯奥之心-/四代微型单电无反入门数码相机 ' 银14-42+黑40-150双镜头",￥9502.02,HAOSHEG海外专营店,https://item.jd.com/10096803991748.html
"京东国际	
奥林巴斯（OLYMPUS）PEN E-P7 EP7 EM10四代 微单相机 数码相机套机 双镜头 复古旅游学生相机 E-P7 双变焦镜头套机 银黑色",￥6669.00,信威国际海外旗舰店,https://item.jd.com/10093113746181.html
"奥林巴斯 OLYMPUS PEN E-P7 微单相机 EP7数码相机 微单套机（14-42mm F3.5-5.6）2030万像素
								经典色彩配置！高颜值微单相机！买家秀赠64G卡！白条免息！",￥,奥林巴斯京东自营旗舰店,https://item.jd.com/100023131362.html
"京东国际	
奥林巴斯（OLYMPUS）PEN E-P7 EP7 EM10四代 微单相机 数码相机套机 双镜头 复古旅游学生相机 E-P7+14-42mm单变焦镜头套机 银白色",￥5999.00,信威国际海外旗舰店,https://item.jd.com/10101350376646.html
"京东国际	
奥林巴斯（OLYMPUS）【奥林巴斯】Olympus/奥林巴斯 fe CCD老数码相机 复古感 详细介绍和样片 标配
								本店所售机器均为展示机或者仅拆封的机器，本店不支持七天无理由，请了解后考虑清楚再下单。",￥959.00,XINGRUI运动户外海外专营店,https://item.jd.com/10101372698107.html
奥林巴斯（OLYMPUS）OM-1微单相机 数码相机 微单机身 （12-40mm F2.8 PRO II）1053对焦点 全像素高速连拍,￥,奥林巴斯京东自营旗舰店,https://item.jd.com/100033146314.html
"京东国际	
奥林巴斯（OLYMPUS）奥之心 PEN E-P7 微单相机 数码复古相机 微单无反照相机 EP7+14-42mm镜头 白色
								【京东国际自营】经典复古设计，可翻转屏幕，4K视频拍摄！保税仓发货，最快次日达！",￥5799.00,数码海外京东自营专区,https://item.jd.com/100089283460.html
"京东国际	
奥林巴斯（OLYMPUS）PEN E-P7 EP7 EM10四代 微单相机 数码相机套机 双镜头 复古旅游学生相机 E-P7 双变焦镜头套机 银白色",￥6399.00,信威国际海外旗舰店,https://item.jd.com/10093113746180.html
"京东国际	
奥林巴斯（OLYMPUS）PEN-FpenfEP7EP5EPL7EPL9EPL10高端复古微单相机 98新E-P.L5 官方标配 +14-42EZ 电动变焦镜头",￥3194.02,JINGSONG运动户外海外专营店,https://item.jd.com/10103076817268.html
"拍拍	
奥林巴斯/OLYMPUS 二手微单相机 EPL8 9 EM5 EM10 二代三代微单反复古照相机 奥林巴斯 E-PL1 仅机身 95成新",￥899.00,摄贸二手数码专营店,https://item.jd.com/10081744164928.html
"京东国际	
奥林巴斯（OLYMPUS）OM-5 微单相机数码相机 五轴防抖手持高像素 星空自动对焦 OM-5 单机身 黑色",￥7199.00,amazing world海外专营店,https://item.jd.com/10028266899104.html
"奥林巴斯（OLYMPUS）M.ZUIKO DIGITAL ED 30mm F3.5 Macro 微距镜头 微单镜头 等效60mm
								等效60mm微距镜头到手价不高于1699元！白条免息！",￥,奥林巴斯京东自营旗舰店,https://item.jd.com/3924874.html
"拍拍	
奥林巴斯/OLYMPUS EM5 EM10 微单相机 套机 奥林巴斯 二手微单相机 95新 奥林巴斯E-M10 14-42 套机 黑色 95新",￥2599.00,摄贸二手数码专营店,https://item.jd.com/57522244867.html
"京东国际	
奥林巴斯（OLYMPUS）E-M10 MarkIV EM10四代 微单相机 数码相机 微单套机 E-M10 M4 14-42mm+40-150mm 黑色
								【京东国际自营】限时晒单送备用电池！小巧轻量，4.5档机身防抖，全新2030万像素！保税仓发货，最快次日达！",￥6499.00,数码海外京东自营专区,https://item.jd.com/100096881751.html
"京东国际	
奥林巴斯（OLYMPUS）SZ-MR长焦数码微单卡片相机追月亮神器SZ 标配 7成新奥林巴斯SZ-30MR(已售完)
								本店所售机器均为展示机或者仅拆封的机器，本店不支持七天无理由，请了解后考虑清楚再下单。",￥1019.00,XINGRUI运动户外海外专营店,https://item.jd.com/10101372562044.html
"拍拍	
奥林巴斯/OLYMPUS EM5 EM10 微单相机 套机 奥林巴斯 二手微单相机 95新 奥林巴斯 PL1S 单机 95新",￥799.00,摄贸二手数码专营店,https://item.jd.com/10093028075512.html
"京东国际	
奥林巴斯（OLYMPUS）胶片机 OM1 Om-1 OM-1N 50/1.8 套机 胶卷相机",￥2070.00,BXHS海外专营店,https://item.jd.com/10102927464226.html
奥林巴斯（OLYMPUS）PEN E-P7 微单相机 奥之心复古无反数码相机 轻巧便携 日本直邮 PEN E-P7白色 单机身,￥5299.00,MABC海外官方旗舰店,https://item.jd.com/10073065752217.html
"京东国际	
奥林巴斯-四代微单相机数码相机单机身.档强化机身防抖 ' 14-42mm银",￥8548.10,HAOSHEG海外专营店,https://item.jd.com/10096804093963.html
"京东国际	
奥林巴斯（OLYMPUS）EPL7女生入门级微单学生数码照相机vlog旅游高清自拍 95新EPL7 标配【单机身】 单机不带镜",￥2207.00,COLALA海外旗舰店,https://item.jd.com/10103713712512.html
"京东国际	
奥林巴斯（OLYMPUS）PEN-FpenfEP7EP5EPL7EPL9EPL10高端复古微单相机 98新E-P.L7 官方标配 +14-42EZ 电动变焦镜头",￥4580.82,JINGSONG运动户外海外专营店,https://item.jd.com/10103076817252.html
"京东国际	
奥林巴斯（OLYMPUS）STYLUS SH-1/SH-60/SH-50/SH-25/VH510复古相机 SH-21变焦12.5倍 标配",￥1332.00,LEONA海外卖场店,https://item.jd.com/10104049577015.html
"拍拍	
奥林巴斯/OLYMPUS 二手微单相机 EPL8 9 EM5 EM10 二代三代微单反复古照相机 奥林巴斯 PL1S 仅机身 95成新",￥799.00,摄贸二手数码专营店,https://item.jd.com/10093033769826.html
奥林巴斯（OLYMPUS）PENE-P7微单相机EP7相机套机照相机复古旅游学生相机E-P7单机白色 E-P7 单机银色,￥8597.00,ABSUN海外旗舰店,https://item.jd.com/10095993754984.html
"京东国际	
奥林巴斯（OLYMPUS）M.ZUIKO DIGITAL 45mm F1.8 定焦人像镜头 微单镜头 背景虚化 银色 等效90mm 45mm F1.8 银色",￥1499.00,蜗牛国际数码海外官方旗舰店,https://item.jd.com/10099547189303.html
"拍拍	
奥林巴斯/OLYMPUS 二手微单相机 EPL8 9 EM5 EM10 二代三代微单反复古照相机 奥林巴斯 E-PL7 14-42套机 95成新",￥2379.00,摄贸二手数码专营店,https://item.jd.com/10081744164594.html
"京东国际	
奥林巴斯（OLYMPUS）PEN-FpenfEP7EP5EPL7EPL9EPL10高端复古微单相机 99新E-P5 官方标配 +14-42EZ 电动变焦镜头",￥5534.42,JINGSONG运动户外海外专营店,https://item.jd.com/10103076817248.html
"拍拍	
奥林巴斯/OLYMPUS EM5 EM10 微单相机 套机 奥林巴斯 二手微单相机 95新 奥林巴斯E-PL3  14-42套机 95新",￥1399.00,摄贸二手数码专营店,https://item.jd.com/10054478818887.html
奥林巴斯（OLYMPUS）E-M10 MarkIV EM10四代 数码微单相机 银色【E-M10 M4】14-42套机 套餐二,￥6799.00,腾苈跃数码经营部,https://item.jd.com/10100516476232.html
"奥林巴斯（OLYMPUS）OM-1微单相机 数码相机 微单机身 7档机身防抖 1053对焦点 全像素高速连拍 高速动态视频
								【预售】100抵2100！7档机身防抖！全像素高速连拍！高速动态视频！旗舰级专业微单相机！买家秀赠128G极速卡！白条免息！",￥,奥林巴斯京东自营旗舰店,https://item.jd.com/100033146316.html
"京东国际	
奥林巴斯奥之心-/四代微型单电无反入门数码相机 ' 银14-42+黑40-150双镜头",￥9502.02,HAOSHEG海外专营店,https://item.jd.com/10096803991748.html
"京东国际	
奥林巴斯（OLYMPUS）PEN E-P7 EP7 EM10四代 微单相机 数码相机套机 双镜头 复古旅游学生相机 E-P7 双变焦镜头套机 银黑色",￥6669.00,信威国际海外旗舰店,https://item.jd.com/10093113746181.html
"奥林巴斯 OLYMPUS PEN E-P7 微单相机 EP7数码相机 微单套机（14-42mm F3.5-5.6）2030万像素
								经典色彩配置！高颜值微单相机！买家秀赠64G卡！白条免息！",￥,奥林巴斯京东自营旗舰店,https://item.jd.com/100023131362.html
"京东国际	
奥林巴斯（OLYMPUS）PEN E-P7 EP7 EM10四代 微单相机 数码相机套机 双镜头 复古旅游学生相机 E-P7+14-42mm单变焦镜头套机 银白色",￥5999.00,信威国际海外旗舰店,https://item.jd.com/10101350376646.html
"京东国际	
奥林巴斯（OLYMPUS）【奥林巴斯】Olympus/奥林巴斯 fe CCD老数码相机 复古感 详细介绍和样片 标配
								本店所售机器均为展示机或者仅拆封的机器，本店不支持七天无理由，请了解后考虑清楚再下单。",￥959.00,XINGRUI运动户外海外专营店,https://item.jd.com/10101372698107.html
奥林巴斯（OLYMPUS）OM-1微单相机 数码相机 微单机身 （12-40mm F2.8 PRO II）1053对焦点 全像素高速连拍,￥,奥林巴斯京东自营旗舰店,https://item.jd.com/100033146314.html
"京东国际	
奥林巴斯（OLYMPUS）奥之心 PEN E-P7 微单相机 数码复古相机 微单无反照相机 EP7+14-42mm镜头 白色
								【京东国际自营】经典复古设计，可翻转屏幕，4K视频拍摄！保税仓发货，最快次日达！",￥5799.00,数码海外京东自营专区,https://item.jd.com/100089283460.html
"京东国际	
奥林巴斯（OLYMPUS）PEN E-P7 EP7 EM10四代 微单相机 数码相机套机 双镜头 复古旅游学生相机 E-P7 双变焦镜头套机 银白色",￥6399.00,信威国际海外旗舰店,https://item.jd.com/10093113746180.html
"京东国际	
奥林巴斯（OLYMPUS）PEN-FpenfEP7EP5EPL7EPL9EPL10高端复古微单相机 98新E-P.L5 官方标配 +14-42EZ 电动变焦镜头",￥3194.02,JINGSONG运动户外海外专营店,https://item.jd.com/10103076817268.html
"拍拍	
奥林巴斯/OLYMPUS 二手微单相机 EPL8 9 EM5 EM10 二代三代微单反复古照相机 奥林巴斯 E-PL1 仅机身 95成新",￥899.00,摄贸二手数码专营店,https://item.jd.com/10081744164928.html
"京东国际	
奥林巴斯（OLYMPUS）OM-5 微单相机数码相机 五轴防抖手持高像素 星空自动对焦 OM-5 单机身 黑色",￥7199.00,amazing world海外专营店,https://item.jd.com/10028266899104.html
"奥林巴斯（OLYMPUS）M.ZUIKO DIGITAL ED 30mm F3.5 Macro 微距镜头 微单镜头 等效60mm
								等效60mm微距镜头到手价不高于1699元！白条免息！",￥,奥林巴斯京东自营旗舰店,https://item.jd.com/3924874.html
"拍拍	
奥林巴斯/OLYMPUS EM5 EM10 微单相机 套机 奥林巴斯 二手微单相机 95新 奥林巴斯E-M10 14-42 套机 黑色 95新",￥2599.00,摄贸二手数码专营店,https://item.jd.com/57522244867.html
"京东国际	
奥林巴斯（OLYMPUS）E-M10 MarkIV EM10四代 微单相机 数码相机 微单套机 E-M10 M4 14-42mm+40-150mm 黑色
								【京东国际自营】限时晒单送备用电池！小巧轻量，4.5档机身防抖，全新2030万像素！保税仓发货，最快次日达！",￥6499.00,数码海外京东自营专区,https://item.jd.com/100096881751.html
"京东国际	
奥林巴斯（OLYMPUS）SZ-MR长焦数码微单卡片相机追月亮神器SZ 标配 7成新奥林巴斯SZ-30MR(已售完)
								本店所售机器均为展示机或者仅拆封的机器，本店不支持七天无理由，请了解后考虑清楚再下单。",￥1019.00,XINGRUI运动户外海外专营店,https://item.jd.com/10101372562044.html
"拍拍	
奥林巴斯/OLYMPUS EM5 EM10 微单相机 套机 奥林巴斯 二手微单相机 95新 奥林巴斯 PL1S 单机 95新",￥799.00,摄贸二手数码专营店,https://item.jd.com/10093028075512.html
"京东国际	
奥林巴斯（OLYMPUS）胶片机 OM1 Om-1 OM-1N 50/1.8 套机 胶卷相机",￥2070.00,BXHS海外专营店,https://item.jd.com/10102927464226.html
奥林巴斯（OLYMPUS）PEN E-P7 微单相机 奥之心复古无反数码相机 轻巧便携 日本直邮 PEN E-P7白色 单机身,￥5299.00,MABC海外官方旗舰店,https://item.jd.com/10073065752217.html
"京东国际	
奥林巴斯-四代微单相机数码相机单机身.档强化机身防抖 ' 14-42mm银",￥8548.10,HAOSHEG海外专营店,https://item.jd.com/10096804093963.html
"京东国际	
奥林巴斯（OLYMPUS）EPL7女生入门级微单学生数码照相机vlog旅游高清自拍 95新EPL7 标配【单机身】 单机不带镜",￥2207.00,COLALA海外旗舰店,https://item.jd.com/10103713712512.html
"京东国际	
奥林巴斯（OLYMPUS）PEN-FpenfEP7EP5EPL7EPL9EPL10高端复古微单相机 98新E-P.L7 官方标配 +14-42EZ 电动变焦镜头",￥4580.82,JINGSONG运动户外海外专营店,https://item.jd.com/10103076817252.html
"京东国际	
奥林巴斯（OLYMPUS）STYLUS SH-1/SH-60/SH-50/SH-25/VH510复古相机 SH-21变焦12.5倍 标配",￥1332.00,LEONA海外卖场店,https://item.jd.com/10104049577015.html
"拍拍	
奥林巴斯/OLYMPUS 二手微单相机 EPL8 9 EM5 EM10 二代三代微单反复古照相机 奥林巴斯 PL1S 仅机身 95成新",￥799.00,摄贸二手数码专营店,https://item.jd.com/10093033769826.html
奥林巴斯（OLYMPUS）PENE-P7微单相机EP7相机套机照相机复古旅游学生相机E-P7单机白色 E-P7 单机银色,￥8597.00,ABSUN海外旗舰店,https://item.jd.com/10095993754984.html
"京东国际	
奥林巴斯（OLYMPUS）M.ZUIKO DIGITAL 45mm F1.8 定焦人像镜头 微单镜头 背景虚化 银色 等效90mm 45mm F1.8 银色",￥1499.00,蜗牛国际数码海外官方旗舰店,https://item.jd.com/10099547189303.html
"拍拍	
奥林巴斯/OLYMPUS 二手微单相机 EPL8 9 EM5 EM10 二代三代微单反复古照相机 奥林巴斯 E-PL7 14-42套机 95成新",￥2379.00,摄贸二手数码专营店,https://item.jd.com/10081744164594.html
"京东国际	
奥林巴斯（OLYMPUS）PEN-FpenfEP7EP5EPL7EPL9EPL10高端复古微单相机 99新E-P5 官方标配 +14-42EZ 电动变焦镜头",￥5534.42,JINGSONG运动户外海外专营店,https://item.jd.com/10103076817248.html
"拍拍	
奥林巴斯/OLYMPUS EM5 EM10 微单相机 套机 奥林巴斯 二手微单相机 95新 奥林巴斯E-PL3  14-42套机 95新",￥1399.00,摄贸二手数码专营店,https://item.jd.com/10054478818887.html
奥林巴斯（OLYMPUS）E-M10 MarkIV EM10四代 数码微单相机 银色【E-M10 M4】14-42套机 套餐二,￥6799.00,腾苈跃数码经营部,https://item.jd.com/10100516476232.html
"奥林巴斯（OLYMPUS）OM-1微单相机 数码相机 微单机身 7档机身防抖 1053对焦点 全像素高速连拍 高速动态视频
								【预售】100抵2100！7档机身防抖！全像素高速连拍！高速动态视频！旗舰级专业微单相机！买家秀赠128G极速卡！白条免息！",￥,奥林巴斯京东自营旗舰店,https://item.jd.com/100033146316.html
"京东国际	
奥林巴斯奥之心-/四代微型单电无反入门数码相机 ' 银14-42+黑40-150双镜头",￥9502.02,HAOSHEG海外专营店,https://item.jd.com/10096803991748.html
"京东国际	
奥林巴斯（OLYMPUS）PEN E-P7 EP7 EM10四代 微单相机 数码相机套机 双镜头 复古旅游学生相机 E-P7 双变焦镜头套机 银黑色",￥6669.00,信威国际海外旗舰店,https://item.jd.com/10093113746181.html
"奥林巴斯 OLYMPUS PEN E-P7 微单相机 EP7数码相机 微单套机（14-42mm F3.5-5.6）2030万像素
								经典色彩配置！高颜值微单相机！买家秀赠64G卡！白条免息！",￥,奥林巴斯京东自营旗舰店,https://item.jd.com/100023131362.html
"京东国际	
奥林巴斯（OLYMPUS）PEN E-P7 EP7 EM10四代 微单相机 数码相机套机 双镜头 复古旅游学生相机 E-P7+14-42mm单变焦镜头套机 银白色",￥5999.00,信威国际海外旗舰店,https://item.jd.com/10101350376646.html
"京东国际	
奥林巴斯（OLYMPUS）【奥林巴斯】Olympus/奥林巴斯 fe CCD老数码相机 复古感 详细介绍和样片 标配
								本店所售机器均为展示机或者仅拆封的机器，本店不支持七天无理由，请了解后考虑清楚再下单。",￥959.00,XINGRUI运动户外海外专营店,https://item.jd.com/10101372698107.html
奥林巴斯（OLYMPUS）OM-1微单相机 数码相机 微单机身 （12-40mm F2.8 PRO II）1053对焦点 全像素高速连拍,￥,奥林巴斯京东自营旗舰店,https://item.jd.com/100033146314.html
"京东国际	
奥林巴斯（OLYMPUS）奥之心 PEN E-P7 微单相机 数码复古相机 微单无反照相机 EP7+14-42mm镜头 白色
								【京东国际自营】经典复古设计，可翻转屏幕，4K视频拍摄！保税仓发货，最快次日达！",￥5799.00,数码海外京东自营专区,https://item.jd.com/100089283460.html
"京东国际	
奥林巴斯（OLYMPUS）PEN E-P7 EP7 EM10四代 微单相机 数码相机套机 双镜头 复古旅游学生相机 E-P7 双变焦镜头套机 银白色",￥6399.00,信威国际海外旗舰店,https://item.jd.com/10093113746180.html
"京东国际	
奥林巴斯（OLYMPUS）PEN-FpenfEP7EP5EPL7EPL9EPL10高端复古微单相机 98新E-P.L5 官方标配 +14-42EZ 电动变焦镜头",￥3194.02,JINGSONG运动户外海外专营店,https://item.jd.com/10103076817268.html
"拍拍	
奥林巴斯/OLYMPUS 二手微单相机 EPL8 9 EM5 EM10 二代三代微单反复古照相机 奥林巴斯 E-PL1 仅机身 95成新",￥899.00,摄贸二手数码专营店,https://item.jd.com/10081744164928.html
"京东国际	
奥林巴斯（OLYMPUS）OM-5 微单相机数码相机 五轴防抖手持高像素 星空自动对焦 OM-5 单机身 黑色",￥7199.00,amazing world海外专营店,https://item.jd.com/10028266899104.html
"奥林巴斯（OLYMPUS）M.ZUIKO DIGITAL ED 30mm F3.5 Macro 微距镜头 微单镜头 等效60mm
								等效60mm微距镜头到手价不高于1699元！白条免息！",￥,奥林巴斯京东自营旗舰店,https://item.jd.com/3924874.html
"拍拍	
奥林巴斯/OLYMPUS EM5 EM10 微单相机 套机 奥林巴斯 二手微单相机 95新 奥林巴斯E-M10 14-42 套机 黑色 95新",￥2599.00,摄贸二手数码专营店,https://item.jd.com/57522244867.html
"京东国际	
奥林巴斯（OLYMPUS）E-M10 MarkIV EM10四代 微单相机 数码相机 微单套机 E-M10 M4 14-42mm+40-150mm 黑色
								【京东国际自营】限时晒单送备用电池！小巧轻量，4.5档机身防抖，全新2030万像素！保税仓发货，最快次日达！",￥6499.00,数码海外京东自营专区,https://item.jd.com/100096881751.html
"京东国际	
奥林巴斯（OLYMPUS）SZ-MR长焦数码微单卡片相机追月亮神器SZ 标配 7成新奥林巴斯SZ-30MR(已售完)
								本店所售机器均为展示机或者仅拆封的机器，本店不支持七天无理由，请了解后考虑清楚再下单。",￥1019.00,XINGRUI运动户外海外专营店,https://item.jd.com/10101372562044.html
"拍拍	
奥林巴斯/OLYMPUS EM5 EM10 微单相机 套机 奥林巴斯 二手微单相机 95新 奥林巴斯 PL1S 单机 95新",￥799.00,摄贸二手数码专营店,https://item.jd.com/10093028075512.html
"京东国际	
奥林巴斯（OLYMPUS）胶片机 OM1 Om-1 OM-1N 50/1.8 套机 胶卷相机",￥2070.00,BXHS海外专营店,https://item.jd.com/10102927464226.html
奥林巴斯（OLYMPUS）PEN E-P7 微单相机 奥之心复古无反数码相机 轻巧便携 日本直邮 PEN E-P7白色 单机身,￥5299.00,MABC海外官方旗舰店,https://item.jd.com/10073065752217.html
"京东国际	
奥林巴斯-四代微单相机数码相机单机身.档强化机身防抖 ' 14-42mm银",￥8548.10,HAOSHEG海外专营店,https://item.jd.com/10096804093963.html
"京东国际	
奥林巴斯（OLYMPUS）EPL7女生入门级微单学生数码照相机vlog旅游高清自拍 95新EPL7 标配【单机身】 单机不带镜",￥2207.00,COLALA海外旗舰店,https://item.jd.com/10103713712512.html
"京东国际	
奥林巴斯（OLYMPUS）PEN-FpenfEP7EP5EPL7EPL9EPL10高端复古微单相机 98新E-P.L7 官方标配 +14-42EZ 电动变焦镜头",￥4580.82,JINGSONG运动户外海外专营店,https://item.jd.com/10103076817252.html
"京东国际	
奥林巴斯（OLYMPUS）STYLUS SH-1/SH-60/SH-50/SH-25/VH510复古相机 SH-21变焦12.5倍 标配",￥1332.00,LEONA海外卖场店,https://item.jd.com/10104049577015.html
"拍拍	
奥林巴斯/OLYMPUS 二手微单相机 EPL8 9 EM5 EM10 二代三代微单反复古照相机 奥林巴斯 PL1S 仅机身 95成新",￥799.00,摄贸二手数码专营店,https://item.jd.com/10093033769826.html
奥林巴斯（OLYMPUS）PENE-P7微单相机EP7相机套机照相机复古旅游学生相机E-P7单机白色 E-P7 单机银色,￥8597.00,ABSUN海外旗舰店,https://item.jd.com/10095993754984.html
"京东国际	
奥林巴斯（OLYMPUS）M.ZUIKO DIGITAL 45mm F1.8 定焦人像镜头 微单镜头 背景虚化 银色 等效90mm 45mm F1.8 银色",￥1499.00,蜗牛国际数码海外官方旗舰店,https://item.jd.com/10099547189303.html
"拍拍	
奥林巴斯/OLYMPUS 二手微单相机 EPL8 9 EM5 EM10 二代三代微单反复古照相机 奥林巴斯 E-PL7 14-42套机 95成新",￥2379.00,摄贸二手数码专营店,https://item.jd.com/10081744164594.html
"京东国际	
奥林巴斯（OLYMPUS）PEN-FpenfEP7EP5EPL7EPL9EPL10高端复古微单相机 99新E-P5 官方标配 +14-42EZ 电动变焦镜头",￥5534.42,JINGSONG运动户外海外专营店,https://item.jd.com/10103076817248.html
"拍拍	
奥林巴斯/OLYMPUS EM5 EM10 微单相机 套机 奥林巴斯 二手微单相机 95新 奥林巴斯E-PL3  14-42套机 95新",￥1399.00,摄贸二手数码专营店,https://item.jd.com/10054478818887.html
奥林巴斯（OLYMPUS）E-M10 MarkIV EM10四代 数码微单相机 银色【E-M10 M4】14-42套机 套餐二,￥6799.00,腾苈跃数码经营部,https://item.jd.com/10100516476232.html
"奥林巴斯（OLYMPUS）OM-1微单相机 数码相机 微单机身 7档机身防抖 1053对焦点 全像素高速连拍 高速动态视频
								【预售】100抵2100！7档机身防抖！全像素高速连拍！高速动态视频！旗舰级专业微单相机！买家秀赠128G极速卡！白条免息！",￥,奥林巴斯京东自营旗舰店,https://item.jd.com/100033146316.html
"京东国际	
奥林巴斯奥之心-/四代微型单电无反入门数码相机 ' 银14-42+黑40-150双镜头",￥9502.02,HAOSHEG海外专营店,https://item.jd.com/10096803991748.html
"京东国际	
奥林巴斯（OLYMPUS）PEN E-P7 EP7 EM10四代 微单相机 数码相机套机 双镜头 复古旅游学生相机 E-P7 双变焦镜头套机 银黑色",￥6669.00,信威国际海外旗舰店,https://item.jd.com/10093113746181.html
"奥林巴斯 OLYMPUS PEN E-P7 微单相机 EP7数码相机 微单套机（14-42mm F3.5-5.6）2030万像素
								经典色彩配置！高颜值微单相机！买家秀赠64G卡！白条免息！",￥,奥林巴斯京东自营旗舰店,https://item.jd.com/100023131362.html
"京东国际	
奥林巴斯（OLYMPUS）PEN E-P7 EP7 EM10四代 微单相机 数码相机套机 双镜头 复古旅游学生相机 E-P7+14-42mm单变焦镜头套机 银白色",￥5999.00,信威国际海外旗舰店,https://item.jd.com/10101350376646.html
"京东国际	
奥林巴斯（OLYMPUS）【奥林巴斯】Olympus/奥林巴斯 fe CCD老数码相机 复古感 详细介绍和样片 标配
								本店所售机器均为展示机或者仅拆封的机器，本店不支持七天无理由，请了解后考虑清楚再下单。",￥959.00,XINGRUI运动户外海外专营店,https://item.jd.com/10101372698107.html
奥林巴斯（OLYMPUS）OM-1微单相机 数码相机 微单机身 （12-40mm F2.8 PRO II）1053对焦点 全像素高速连拍,￥,奥林巴斯京东自营旗舰店,https://item.jd.com/100033146314.html
"京东国际	
奥林巴斯（OLYMPUS）奥之心 PEN E-P7 微单相机 数码复古相机 微单无反照相机 EP7+14-42mm镜头 白色
								【京东国际自营】经典复古设计，可翻转屏幕，4K视频拍摄！保税仓发货，最快次日达！",￥5799.00,数码海外京东自营专区,https://item.jd.com/100089283460.html
"京东国际	
奥林巴斯（OLYMPUS）PEN E-P7 EP7 EM10四代 微单相机 数码相机套机 双镜头 复古旅游学生相机 E-P7 双变焦镜头套机 银白色",￥6399.00,信威国际海外旗舰店,https://item.jd.com/10093113746180.html
"京东国际	
奥林巴斯（OLYMPUS）PEN-FpenfEP7EP5EPL7EPL9EPL10高端复古微单相机 98新E-P.L5 官方标配 +14-42EZ 电动变焦镜头",￥3194.02,JINGSONG运动户外海外专营店,https://item.jd.com/10103076817268.html
"拍拍	
奥林巴斯/OLYMPUS 二手微单相机 EPL8 9 EM5 EM10 二代三代微单反复古照相机 奥林巴斯 E-PL1 仅机身 95成新",￥899.00,摄贸二手数码专营店,https://item.jd.com/10081744164928.html
"京东国际	
奥林巴斯（OLYMPUS）OM-5 微单相机数码相机 五轴防抖手持高像素 星空自动对焦 OM-5 单机身 黑色",￥7199.00,amazing world海外专营店,https://item.jd.com/10028266899104.html
"奥林巴斯（OLYMPUS）M.ZUIKO DIGITAL ED 30mm F3.5 Macro 微距镜头 微单镜头 等效60mm
								等效60mm微距镜头到手价不高于1699元！白条免息！",￥,奥林巴斯京东自营旗舰店,https://item.jd.com/3924874.html
"拍拍	
奥林巴斯/OLYMPUS EM5 EM10 微单相机 套机 奥林巴斯 二手微单相机 95新 奥林巴斯E-M10 14-42 套机 黑色 95新",￥2599.00,摄贸二手数码专营店,https://item.jd.com/57522244867.html
"京东国际	
奥林巴斯（OLYMPUS）E-M10 MarkIV EM10四代 微单相机 数码相机 微单套机 E-M10 M4 14-42mm+40-150mm 黑色
								【京东国际自营】限时晒单送备用电池！小巧轻量，4.5档机身防抖，全新2030万像素！保税仓发货，最快次日达！",￥6499.00,数码海外京东自营专区,https://item.jd.com/100096881751.html
"京东国际	
奥林巴斯（OLYMPUS）SZ-MR长焦数码微单卡片相机追月亮神器SZ 标配 7成新奥林巴斯SZ-30MR(已售完)
								本店所售机器均为展示机或者仅拆封的机器，本店不支持七天无理由，请了解后考虑清楚再下单。",￥1019.00,XINGRUI运动户外海外专营店,https://item.jd.com/10101372562044.html
"拍拍	
奥林巴斯/OLYMPUS EM5 EM10 微单相机 套机 奥林巴斯 二手微单相机 95新 奥林巴斯 PL1S 单机 95新",￥799.00,摄贸二手数码专营店,https://item.jd.com/10093028075512.html
"京东国际	
奥林巴斯（OLYMPUS）胶片机 OM1 Om-1 OM-1N 50/1.8 套机 胶卷相机",￥2070.00,BXHS海外专营店,https://item.jd.com/10102927464226.html
奥林巴斯（OLYMPUS）PEN E-P7 微单相机 奥之心复古无反数码相机 轻巧便携 日本直邮 PEN E-P7白色 单机身,￥5299.00,MABC海外官方旗舰店,https://item.jd.com/10073065752217.html
"京东国际	
奥林巴斯-四代微单相机数码相机单机身.档强化机身防抖 ' 14-42mm银",￥8548.10,HAOSHEG海外专营店,https://item.jd.com/10096804093963.html
"京东国际	
奥林巴斯（OLYMPUS）EPL7女生入门级微单学生数码照相机vlog旅游高清自拍 95新EPL7 标配【单机身】 单机不带镜",￥2207.00,COLALA海外旗舰店,https://item.jd.com/10103713712512.html
"京东国际	
奥林巴斯（OLYMPUS）PEN-FpenfEP7EP5EPL7EPL9EPL10高端复古微单相机 98新E-P.L7 官方标配 +14-42EZ 电动变焦镜头",￥4580.82,JINGSONG运动户外海外专营店,https://item.jd.com/10103076817252.html
"京东国际	
奥林巴斯（OLYMPUS）STYLUS SH-1/SH-60/SH-50/SH-25/VH510复古相机 SH-21变焦12.5倍 标配",￥1332.00,LEONA海外卖场店,https://item.jd.com/10104049577015.html
"拍拍	
奥林巴斯/OLYMPUS 二手微单相机 EPL8 9 EM5 EM10 二代三代微单反复古照相机 奥林巴斯 PL1S 仅机身 95成新",￥799.00,摄贸二手数码专营店,https://item.jd.com/10093033769826.html
奥林巴斯（OLYMPUS）PENE-P7微单相机EP7相机套机照相机复古旅游学生相机E-P7单机白色 E-P7 单机银色,￥8597.00,ABSUN海外旗舰店,https://item.jd.com/10095993754984.html
"京东国际	
奥林巴斯（OLYMPUS）M.ZUIKO DIGITAL 45mm F1.8 定焦人像镜头 微单镜头 背景虚化 银色 等效90mm 45mm F1.8 银色",￥1499.00,蜗牛国际数码海外官方旗舰店,https://item.jd.com/10099547189303.html
"拍拍	
奥林巴斯/OLYMPUS 二手微单相机 EPL8 9 EM5 EM10 二代三代微单反复古照相机 奥林巴斯 E-PL7 14-42套机 95成新",￥2379.00,摄贸二手数码专营店,https://item.jd.com/10081744164594.html
"京东国际	
奥林巴斯（OLYMPUS）PEN-FpenfEP7EP5EPL7EPL9EPL10高端复古微单相机 99新E-P5 官方标配 +14-42EZ 电动变焦镜头",￥5534.42,JINGSONG运动户外海外专营店,https://item.jd.com/10103076817248.html
"拍拍	
奥林巴斯/OLYMPUS EM5 EM10 微单相机 套机 奥林巴斯 二手微单相机 95新 奥林巴斯E-PL3  14-42套机 95新",￥1399.00,摄贸二手数码专营店,https://item.jd.com/10054478818887.html
奥林巴斯（OLYMPUS）E-M10 MarkIV EM10四代 数码微单相机 银色【E-M10 M4】14-42套机 套餐二,￥6799.00,腾苈跃数码经营部,https://item.jd.com/10100516476232.html
"奥林巴斯（OLYMPUS）OM-1微单相机 数码相机 微单机身 7档机身防抖 1053对焦点 全像素高速连拍 高速动态视频
								【预售】100抵2100！7档机身防抖！全像素高速连拍！高速动态视频！旗舰级专业微单相机！买家秀赠128G极速卡！白条免息！",￥,奥林巴斯京东自营旗舰店,https://item.jd.com/100033146316.html
"京东国际	
奥林巴斯奥之心-/四代微型单电无反入门数码相机 ' 银14-42+黑40-150双镜头",￥9502.02,HAOSHEG海外专营店,https://item.jd.com/10096803991748.html
"京东国际	
奥林巴斯（OLYMPUS）PEN E-P7 EP7 EM10四代 微单相机 数码相机套机 双镜头 复古旅游学生相机 E-P7 双变焦镜头套机 银黑色",￥6669.00,信威国际海外旗舰店,https://item.jd.com/10093113746181.html
"奥林巴斯 OLYMPUS PEN E-P7 微单相机 EP7数码相机 微单套机（14-42mm F3.5-5.6）2030万像素
								经典色彩配置！高颜值微单相机！买家秀赠64G卡！白条免息！",￥,奥林巴斯京东自营旗舰店,https://item.jd.com/100023131362.html
"京东国际	
奥林巴斯（OLYMPUS）PEN E-P7 EP7 EM10四代 微单相机 数码相机套机 双镜头 复古旅游学生相机 E-P7+14-42mm单变焦镜头套机 银白色",￥5999.00,信威国际海外旗舰店,https://item.jd.com/10101350376646.html
"京东国际	
奥林巴斯（OLYMPUS）【奥林巴斯】Olympus/奥林巴斯 fe CCD老数码相机 复古感 详细介绍和样片 标配
								本店所售机器均为展示机或者仅拆封的机器，本店不支持七天无理由，请了解后考虑清楚再下单。",￥959.00,XINGRUI运动户外海外专营店,https://item.jd.com/10101372698107.html
奥林巴斯（OLYMPUS）OM-1微单相机 数码相机 微单机身 （12-40mm F2.8 PRO II）1053对焦点 全像素高速连拍,￥,奥林巴斯京东自营旗舰店,https://item.jd.com/100033146314.html
"京东国际	
奥林巴斯（OLYMPUS）奥之心 PEN E-P7 微单相机 数码复古相机 微单无反照相机 EP7+14-42mm镜头 白色
								【京东国际自营】经典复古设计，可翻转屏幕，4K视频拍摄！保税仓发货，最快次日达！",￥5799.00,数码海外京东自营专区,https://item.jd.com/100089283460.html
"京东国际	
奥林巴斯（OLYMPUS）PEN E-P7 EP7 EM10四代 微单相机 数码相机套机 双镜头 复古旅游学生相机 E-P7 双变焦镜头套机 银白色",￥6399.00,信威国际海外旗舰店,https://item.jd.com/10093113746180.html
"京东国际	
奥林巴斯（OLYMPUS）PEN-FpenfEP7EP5EPL7EPL9EPL10高端复古微单相机 98新E-P.L5 官方标配 +14-42EZ 电动变焦镜头",￥3194.02,JINGSONG运动户外海外专营店,https://item.jd.com/10103076817268.html
"拍拍	
奥林巴斯/OLYMPUS 二手微单相机 EPL8 9 EM5 EM10 二代三代微单反复古照相机 奥林巴斯 E-PL1 仅机身 95成新",￥899.00,摄贸二手数码专营店,https://item.jd.com/10081744164928.html
"京东国际	
奥林巴斯（OLYMPUS）OM-5 微单相机数码相机 五轴防抖手持高像素 星空自动对焦 OM-5 单机身 黑色",￥7199.00,amazing world海外专营店,https://item.jd.com/10028266899104.html
"奥林巴斯（OLYMPUS）M.ZUIKO DIGITAL ED 30mm F3.5 Macro 微距镜头 微单镜头 等效60mm
								等效60mm微距镜头到手价不高于1699元！白条免息！",￥,奥林巴斯京东自营旗舰店,https://item.jd.com/3924874.html
"拍拍	
奥林巴斯/OLYMPUS EM5 EM10 微单相机 套机 奥林巴斯 二手微单相机 95新 奥林巴斯E-M10 14-42 套机 黑色 95新",￥2599.00,摄贸二手数码专营店,https://item.jd.com/57522244867.html
"京东国际	
奥林巴斯（OLYMPUS）E-M10 MarkIV EM10四代 微单相机 数码相机 微单套机 E-M10 M4 14-42mm+40-150mm 黑色
								【京东国际自营】限时晒单送备用电池！小巧轻量，4.5档机身防抖，全新2030万像素！保税仓发货，最快次日达！",￥6499.00,数码海外京东自营专区,https://item.jd.com/100096881751.html
"京东国际	
奥林巴斯（OLYMPUS）SZ-MR长焦数码微单卡片相机追月亮神器SZ 标配 7成新奥林巴斯SZ-30MR(已售完)
								本店所售机器均为展示机或者仅拆封的机器，本店不支持七天无理由，请了解后考虑清楚再下单。",￥1019.00,XINGRUI运动户外海外专营店,https://item.jd.com/10101372562044.html
"拍拍	
奥林巴斯/OLYMPUS EM5 EM10 微单相机 套机 奥林巴斯 二手微单相机 95新 奥林巴斯 PL1S 单机 95新",￥799.00,摄贸二手数码专营店,https://item.jd.com/10093028075512.html
"京东国际	
奥林巴斯（OLYMPUS）胶片机 OM1 Om-1 OM-1N 50/1.8 套机 胶卷相机",￥2070.00,BXHS海外专营店,https://item.jd.com/10102927464226.html
奥林巴斯（OLYMPUS）PEN E-P7 微单相机 奥之心复古无反数码相机 轻巧便携 日本直邮 PEN E-P7白色 单机身,￥5299.00,MABC海外官方旗舰店,https://item.jd.com/10073065752217.html
"京东国际	
奥林巴斯-四代微单相机数码相机单机身.档强化机身防抖 ' 14-42mm银",￥8548.10,HAOSHEG海外专营店,https://item.jd.com/10096804093963.html
"京东国际	
奥林巴斯（OLYMPUS）EPL7女生入门级微单学生数码照相机vlog旅游高清自拍 95新EPL7 标配【单机身】 单机不带镜",￥2207.00,COLALA海外旗舰店,https://item.jd.com/10103713712512.html
"京东国际	
奥林巴斯（OLYMPUS）PEN-FpenfEP7EP5EPL7EPL9EPL10高端复古微单相机 98新E-P.L7 官方标配 +14-42EZ 电动变焦镜头",￥4580.82,JINGSONG运动户外海外专营店,https://item.jd.com/10103076817252.html
"京东国际	
奥林巴斯（OLYMPUS）STYLUS SH-1/SH-60/SH-50/SH-25/VH510复古相机 SH-21变焦12.5倍 标配",￥1332.00,LEONA海外卖场店,https://item.jd.com/10104049577015.html
"拍拍	
奥林巴斯/OLYMPUS 二手微单相机 EPL8 9 EM5 EM10 二代三代微单反复古照相机 奥林巴斯 PL1S 仅机身 95成新",￥799.00,摄贸二手数码专营店,https://item.jd.com/10093033769826.html
奥林巴斯（OLYMPUS）PENE-P7微单相机EP7相机套机照相机复古旅游学生相机E-P7单机白色 E-P7 单机银色,￥8597.00,ABSUN海外旗舰店,https://item.jd.com/10095993754984.html
"京东国际	
奥林巴斯（OLYMPUS）M.ZUIKO DIGITAL 45mm F1.8 定焦人像镜头 微单镜头 背景虚化 银色 等效90mm 45mm F1.8 银色",￥1499.00,蜗牛国际数码海外官方旗舰店,https://item.jd.com/10099547189303.html
"拍拍	
奥林巴斯/OLYMPUS 二手微单相机 EPL8 9 EM5 EM10 二代三代微单反复古照相机 奥林巴斯 E-PL7 14-42套机 95成新",￥2379.00,摄贸二手数码专营店,https://item.jd.com/10081744164594.html
"京东国际	
奥林巴斯（OLYMPUS）PEN-FpenfEP7EP5EPL7EPL9EPL10高端复古微单相机 99新E-P5 官方标配 +14-42EZ 电动变焦镜头",￥5534.42,JINGSONG运动户外海外专营店,https://item.jd.com/10103076817248.html
"拍拍	
奥林巴斯/OLYMPUS EM5 EM10 微单相机 套机 奥林巴斯 二手微单相机 95新 奥林巴斯E-PL3  14-42套机 95新",￥1399.00,摄贸二手数码专营店,https://item.jd.com/10054478818887.html
奥林巴斯（OLYMPUS）E-M10 MarkIV EM10四代 数码微单相机 银色【E-M10 M4】14-42套机 套餐二,￥6799.00,腾苈跃数码经营部,https://item.jd.com/10100516476232.html
"奥林巴斯（OLYMPUS）OM-1微单相机 数码相机 微单机身 7档机身防抖 1053对焦点 全像素高速连拍 高速动态视频
								【预售】100抵2100！7档机身防抖！全像素高速连拍！高速动态视频！旗舰级专业微单相机！买家秀赠128G极速卡！白条免息！",￥,奥林巴斯京东自营旗舰店,https://item.jd.com/100033146316.html
"京东国际	
奥林巴斯奥之心-/四代微型单电无反入门数码相机 ' 银14-42+黑40-150双镜头",￥9502.02,HAOSHEG海外专营店,https://item.jd.com/10096803991748.html
"京东国际	
奥林巴斯（OLYMPUS）PEN E-P7 EP7 EM10四代 微单相机 数码相机套机 双镜头 复古旅游学生相机 E-P7 双变焦镜头套机 银黑色",￥6669.00,信威国际海外旗舰店,https://item.jd.com/10093113746181.html
"奥林巴斯 OLYMPUS PEN E-P7 微单相机 EP7数码相机 微单套机（14-42mm F3.5-5.6）2030万像素
								经典色彩配置！高颜值微单相机！买家秀赠64G卡！白条免息！",￥,奥林巴斯京东自营旗舰店,https://item.jd.com/100023131362.html
"京东国际	
奥林巴斯（OLYMPUS）PEN E-P7 EP7 EM10四代 微单相机 数码相机套机 双镜头 复古旅游学生相机 E-P7+14-42mm单变焦镜头套机 银白色",￥5999.00,信威国际海外旗舰店,https://item.jd.com/10101350376646.html
"京东国际	
奥林巴斯（OLYMPUS）【奥林巴斯】Olympus/奥林巴斯 fe CCD老数码相机 复古感 详细介绍和样片 标配
								本店所售机器均为展示机或者仅拆封的机器，本店不支持七天无理由，请了解后考虑清楚再下单。",￥959.00,XINGRUI运动户外海外专营店,https://item.jd.com/10101372698107.html
奥林巴斯（OLYMPUS）OM-1微单相机 数码相机 微单机身 （12-40mm F2.8 PRO II）1053对焦点 全像素高速连拍,￥,奥林巴斯京东自营旗舰店,https://item.jd.com/100033146314.html
"京东国际	
奥林巴斯（OLYMPUS）奥之心 PEN E-P7 微单相机 数码复古相机 微单无反照相机 EP7+14-42mm镜头 白色
								【京东国际自营】经典复古设计，可翻转屏幕，4K视频拍摄！保税仓发货，最快次日达！",￥5799.00,数码海外京东自营专区,https://item.jd.com/100089283460.html
"京东国际	
奥林巴斯（OLYMPUS）PEN E-P7 EP7 EM10四代 微单相机 数码相机套机 双镜头 复古旅游学生相机 E-P7 双变焦镜头套机 银白色",￥6399.00,信威国际海外旗舰店,https://item.jd.com/10093113746180.html
"京东国际	
奥林巴斯（OLYMPUS）PEN-FpenfEP7EP5EPL7EPL9EPL10高端复古微单相机 98新E-P.L5 官方标配 +14-42EZ 电动变焦镜头",￥3194.02,JINGSONG运动户外海外专营店,https://item.jd.com/10103076817268.html
"拍拍	
奥林巴斯/OLYMPUS 二手微单相机 EPL8 9 EM5 EM10 二代三代微单反复古照相机 奥林巴斯 E-PL1 仅机身 95成新",￥899.00,摄贸二手数码专营店,https://item.jd.com/10081744164928.html
"京东国际	
奥林巴斯（OLYMPUS）OM-5 微单相机数码相机 五轴防抖手持高像素 星空自动对焦 OM-5 单机身 黑色",￥7199.00,amazing world海外专营店,https://item.jd.com/10028266899104.html
"奥林巴斯（OLYMPUS）M.ZUIKO DIGITAL ED 30mm F3.5 Macro 微距镜头 微单镜头 等效60mm
								等效60mm微距镜头到手价不高于1699元！白条免息！",￥,奥林巴斯京东自营旗舰店,https://item.jd.com/3924874.html
"拍拍	
奥林巴斯/OLYMPUS EM5 EM10 微单相机 套机 奥林巴斯 二手微单相机 95新 奥林巴斯E-M10 14-42 套机 黑色 95新",￥2599.00,摄贸二手数码专营店,https://item.jd.com/57522244867.html
"京东国际	
奥林巴斯（OLYMPUS）E-M10 MarkIV EM10四代 微单相机 数码相机 微单套机 E-M10 M4 14-42mm+40-150mm 黑色
								【京东国际自营】限时晒单送备用电池！小巧轻量，4.5档机身防抖，全新2030万像素！保税仓发货，最快次日达！",￥6499.00,数码海外京东自营专区,https://item.jd.com/100096881751.html
"京东国际	
奥林巴斯（OLYMPUS）SZ-MR长焦数码微单卡片相机追月亮神器SZ 标配 7成新奥林巴斯SZ-30MR(已售完)
								本店所售机器均为展示机或者仅拆封的机器，本店不支持七天无理由，请了解后考虑清楚再下单。",￥1019.00,XINGRUI运动户外海外专营店,https://item.jd.com/10101372562044.html
"拍拍	
奥林巴斯/OLYMPUS EM5 EM10 微单相机 套机 奥林巴斯 二手微单相机 95新 奥林巴斯 PL1S 单机 95新",￥799.00,摄贸二手数码专营店,https://item.jd.com/10093028075512.html
"京东国际	
奥林巴斯（OLYMPUS）胶片机 OM1 Om-1 OM-1N 50/1.8 套机 胶卷相机",￥2070.00,BXHS海外专营店,https://item.jd.com/10102927464226.html
奥林巴斯（OLYMPUS）PEN E-P7 微单相机 奥之心复古无反数码相机 轻巧便携 日本直邮 PEN E-P7白色 单机身,￥5299.00,MABC海外官方旗舰店,https://item.jd.com/10073065752217.html
"京东国际	
奥林巴斯-四代微单相机数码相机单机身.档强化机身防抖 ' 14-42mm银",￥8548.10,HAOSHEG海外专营店,https://item.jd.com/10096804093963.html
"京东国际	
奥林巴斯（OLYMPUS）EPL7女生入门级微单学生数码照相机vlog旅游高清自拍 95新EPL7 标配【单机身】 单机不带镜",￥2207.00,COLALA海外旗舰店,https://item.jd.com/10103713712512.html
"京东国际	
奥林巴斯（OLYMPUS）PEN-FpenfEP7EP5EPL7EPL9EPL10高端复古微单相机 98新E-P.L7 官方标配 +14-42EZ 电动变焦镜头",￥4580.82,JINGSONG运动户外海外专营店,https://item.jd.com/10103076817252.html
"京东国际	
奥林巴斯（OLYMPUS）STYLUS SH-1/SH-60/SH-50/SH-25/VH510复古相机 SH-21变焦12.5倍 标配",￥1332.00,LEONA海外卖场店,https://item.jd.com/10104049577015.html
"拍拍	
奥林巴斯/OLYMPUS 二手微单相机 EPL8 9 EM5 EM10 二代三代微单反复古照相机 奥林巴斯 PL1S 仅机身 95成新",￥799.00,摄贸二手数码专营店,https://item.jd.com/10093033769826.html
奥林巴斯（OLYMPUS）PENE-P7微单相机EP7相机套机照相机复古旅游学生相机E-P7单机白色 E-P7 单机银色,￥8597.00,ABSUN海外旗舰店,https://item.jd.com/10095993754984.html
"京东国际	
奥林巴斯（OLYMPUS）M.ZUIKO DIGITAL 45mm F1.8 定焦人像镜头 微单镜头 背景虚化 银色 等效90mm 45mm F1.8 银色",￥1499.00,蜗牛国际数码海外官方旗舰店,https://item.jd.com/10099547189303.html
"拍拍	
奥林巴斯/OLYMPUS 二手微单相机 EPL8 9 EM5 EM10 二代三代微单反复古照相机 奥林巴斯 E-PL7 14-42套机 95成新",￥2379.00,摄贸二手数码专营店,https://item.jd.com/10081744164594.html
"京东国际	
奥林巴斯（OLYMPUS）PEN-FpenfEP7EP5EPL7EPL9EPL10高端复古微单相机 99新E-P5 官方标配 +14-42EZ 电动变焦镜头",￥5534.42,JINGSONG运动户外海外专营店,https://item.jd.com/10103076817248.html
"拍拍	
奥林巴斯/OLYMPUS EM5 EM10 微单相机 套机 奥林巴斯 二手微单相机 95新 奥林巴斯E-PL3  14-42套机 95新",￥1399.00,摄贸二手数码专营店,https://item.jd.com/10054478818887.html
奥林巴斯（OLYMPUS）E-M10 MarkIV EM10四代 数码微单相机 银色【E-M10 M4】14-42套机 套餐二,￥6799.00,腾苈跃数码经营部,https://item.jd.com/10100516476232.html
"奥林巴斯（OLYMPUS）OM-1微单相机 数码相机 微单机身 7档机身防抖 1053对焦点 全像素高速连拍 高速动态视频
								【预售】100抵2100！7档机身防抖！全像素高速连拍！高速动态视频！旗舰级专业微单相机！买家秀赠128G极速卡！白条免息！",￥,奥林巴斯京东自营旗舰店,https://item.jd.com/100033146316.html
"京东国际	
奥林巴斯奥之心-/四代微型单电无反入门数码相机 ' 银14-42+黑40-150双镜头",￥9502.02,HAOSHEG海外专营店,https://item.jd.com/10096803991748.html
"京东国际	
奥林巴斯（OLYMPUS）PEN E-P7 EP7 EM10四代 微单相机 数码相机套机 双镜头 复古旅游学生相机 E-P7 双变焦镜头套机 银黑色",￥6669.00,信威国际海外旗舰店,https://item.jd.com/10093113746181.html
"奥林巴斯 OLYMPUS PEN E-P7 微单相机 EP7数码相机 微单套机（14-42mm F3.5-5.6）2030万像素
								经典色彩配置！高颜值微单相机！买家秀赠64G卡！白条免息！",￥,奥林巴斯京东自营旗舰店,https://item.jd.com/100023131362.html
"京东国际	
奥林巴斯（OLYMPUS）PEN E-P7 EP7 EM10四代 微单相机 数码相机套机 双镜头 复古旅游学生相机 E-P7+14-42mm单变焦镜头套机 银白色",￥5999.00,信威国际海外旗舰店,https://item.jd.com/10101350376646.html
"京东国际	
奥林巴斯（OLYMPUS）【奥林巴斯】Olympus/奥林巴斯 fe CCD老数码相机 复古感 详细介绍和样片 标配
								本店所售机器均为展示机或者仅拆封的机器，本店不支持七天无理由，请了解后考虑清楚再下单。",￥959.00,XINGRUI运动户外海外专营店,https://item.jd.com/10101372698107.html
奥林巴斯（OLYMPUS）OM-1微单相机 数码相机 微单机身 （12-40mm F2.8 PRO II）1053对焦点 全像素高速连拍,￥,奥林巴斯京东自营旗舰店,https://item.jd.com/100033146314.html
"京东国际	
奥林巴斯（OLYMPUS）奥之心 PEN E-P7 微单相机 数码复古相机 微单无反照相机 EP7+14-42mm镜头 白色
								【京东国际自营】经典复古设计，可翻转屏幕，4K视频拍摄！保税仓发货，最快次日达！",￥5799.00,数码海外京东自营专区,https://item.jd.com/100089283460.html
"京东国际	
奥林巴斯（OLYMPUS）PEN E-P7 EP7 EM10四代 微单相机 数码相机套机 双镜头 复古旅游学生相机 E-P7 双变焦镜头套机 银白色",￥6399.00,信威国际海外旗舰店,https://item.jd.com/10093113746180.html
"京东国际	
奥林巴斯（OLYMPUS）PEN-FpenfEP7EP5EPL7EPL9EPL10高端复古微单相机 98新E-P.L5 官方标配 +14-42EZ 电动变焦镜头",￥3194.02,JINGSONG运动户外海外专营店,https://item.jd.com/10103076817268.html
"拍拍	
奥林巴斯/OLYMPUS 二手微单相机 EPL8 9 EM5 EM10 二代三代微单反复古照相机 奥林巴斯 E-PL1 仅机身 95成新",￥899.00,摄贸二手数码专营店,https://item.jd.com/10081744164928.html
"京东国际	
奥林巴斯（OLYMPUS）OM-5 微单相机数码相机 五轴防抖手持高像素 星空自动对焦 OM-5 单机身 黑色",￥7199.00,amazing world海外专营店,https://item.jd.com/10028266899104.html
"奥林巴斯（OLYMPUS）M.ZUIKO DIGITAL ED 30mm F3.5 Macro 微距镜头 微单镜头 等效60mm
								等效60mm微距镜头到手价不高于1699元！白条免息！",￥,奥林巴斯京东自营旗舰店,https://item.jd.com/3924874.html
"拍拍	
奥林巴斯/OLYMPUS EM5 EM10 微单相机 套机 奥林巴斯 二手微单相机 95新 奥林巴斯E-M10 14-42 套机 黑色 95新",￥2599.00,摄贸二手数码专营店,https://item.jd.com/57522244867.html
"京东国际	
奥林巴斯（OLYMPUS）E-M10 MarkIV EM10四代 微单相机 数码相机 微单套机 E-M10 M4 14-42mm+40-150mm 黑色
								【京东国际自营】限时晒单送备用电池！小巧轻量，4.5档机身防抖，全新2030万像素！保税仓发货，最快次日达！",￥6499.00,数码海外京东自营专区,https://item.jd.com/100096881751.html
"京东国际	
奥林巴斯（OLYMPUS）SZ-MR长焦数码微单卡片相机追月亮神器SZ 标配 7成新奥林巴斯SZ-30MR(已售完)
								本店所售机器均为展示机或者仅拆封的机器，本店不支持七天无理由，请了解后考虑清楚再下单。",￥1019.00,XINGRUI运动户外海外专营店,https://item.jd.com/10101372562044.html
"拍拍	
奥林巴斯/OLYMPUS EM5 EM10 微单相机 套机 奥林巴斯 二手微单相机 95新 奥林巴斯 PL1S 单机 95新",￥799.00,摄贸二手数码专营店,https://item.jd.com/10093028075512.html
"京东国际	
奥林巴斯（OLYMPUS）胶片机 OM1 Om-1 OM-1N 50/1.8 套机 胶卷相机",￥2070.00,BXHS海外专营店,https://item.jd.com/10102927464226.html
奥林巴斯（OLYMPUS）PEN E-P7 微单相机 奥之心复古无反数码相机 轻巧便携 日本直邮 PEN E-P7白色 单机身,￥5299.00,MABC海外官方旗舰店,https://item.jd.com/10073065752217.html
"京东国际	
奥林巴斯-四代微单相机数码相机单机身.档强化机身防抖 ' 14-42mm银",￥8548.10,HAOSHEG海外专营店,https://item.jd.com/10096804093963.html
"京东国际	
奥林巴斯（OLYMPUS）EPL7女生入门级微单学生数码照相机vlog旅游高清自拍 95新EPL7 标配【单机身】 单机不带镜",￥2207.00,COLALA海外旗舰店,https://item.jd.com/10103713712512.html
"京东国际	
奥林巴斯（OLYMPUS）PEN-FpenfEP7EP5EPL7EPL9EPL10高端复古微单相机 98新E-P.L7 官方标配 +14-42EZ 电动变焦镜头",￥4580.82,JINGSONG运动户外海外专营店,https://item.jd.com/10103076817252.html
"京东国际	
奥林巴斯（OLYMPUS）STYLUS SH-1/SH-60/SH-50/SH-25/VH510复古相机 SH-21变焦12.5倍 标配",￥1332.00,LEONA海外卖场店,https://item.jd.com/10104049577015.html
"拍拍	
奥林巴斯/OLYMPUS 二手微单相机 EPL8 9 EM5 EM10 二代三代微单反复古照相机 奥林巴斯 PL1S 仅机身 95成新",￥799.00,摄贸二手数码专营店,https://item.jd.com/10093033769826.html
奥林巴斯（OLYMPUS）PENE-P7微单相机EP7相机套机照相机复古旅游学生相机E-P7单机白色 E-P7 单机银色,￥8597.00,ABSUN海外旗舰店,https://item.jd.com/10095993754984.html
"京东国际	
奥林巴斯（OLYMPUS）M.ZUIKO DIGITAL 45mm F1.8 定焦人像镜头 微单镜头 背景虚化 银色 等效90mm 45mm F1.8 银色",￥1499.00,蜗牛国际数码海外官方旗舰店,https://item.jd.com/10099547189303.html
"拍拍	
奥林巴斯/OLYMPUS 二手微单相机 EPL8 9 EM5 EM10 二代三代微单反复古照相机 奥林巴斯 E-PL7 14-42套机 95成新",￥2379.00,摄贸二手数码专营店,https://item.jd.com/10081744164594.html
"京东国际	
奥林巴斯（OLYMPUS）PEN-FpenfEP7EP5EPL7EPL9EPL10高端复古微单相机 99新E-P5 官方标配 +14-42EZ 电动变焦镜头",￥5534.42,JINGSONG运动户外海外专营店,https://item.jd.com/10103076817248.html
"拍拍	
奥林巴斯/OLYMPUS EM5 EM10 微单相机 套机 奥林巴斯 二手微单相机 95新 奥林巴斯E-PL3  14-42套机 95新",￥1399.00,摄贸二手数码专营店,https://item.jd.com/10054478818887.html
奥林巴斯（OLYMPUS）E-M10 MarkIV EM10四代 数码微单相机 银色【E-M10 M4】14-42套机 套餐二,￥6799.00,腾苈跃数码经营部,https://item.jd.com/10100516476232.html
"奥林巴斯（OLYMPUS）OM-1微单相机 数码相机 微单机身 7档机身防抖 1053对焦点 全像素高速连拍 高速动态视频
								【预售】100抵2100！7档机身防抖！全像素高速连拍！高速动态视频！旗舰级专业微单相机！买家秀赠128G极速卡！白条免息！",￥,奥林巴斯京东自营旗舰店,https://item.jd.com/100033146316.html
"京东国际	
奥林巴斯奥之心-/四代微型单电无反入门数码相机 ' 银14-42+黑40-150双镜头",￥9502.02,HAOSHEG海外专营店,https://item.jd.com/10096803991748.html
"京东国际	
奥林巴斯（OLYMPUS）PEN E-P7 EP7 EM10四代 微单相机 数码相机套机 双镜头 复古旅游学生相机 E-P7 双变焦镜头套机 银黑色",￥6669.00,信威国际海外旗舰店,https://item.jd.com/10093113746181.html
"奥林巴斯 OLYMPUS PEN E-P7 微单相机 EP7数码相机 微单套机（14-42mm F3.5-5.6）2030万像素
								经典色彩配置！高颜值微单相机！买家秀赠64G卡！白条免息！",￥,奥林巴斯京东自营旗舰店,https://item.jd.com/100023131362.html
"京东国际	
奥林巴斯（OLYMPUS）PEN E-P7 EP7 EM10四代 微单相机 数码相机套机 双镜头 复古旅游学生相机 E-P7+14-42mm单变焦镜头套机 银白色",￥5999.00,信威国际海外旗舰店,https://item.jd.com/10101350376646.html
"京东国际	
奥林巴斯（OLYMPUS）【奥林巴斯】Olympus/奥林巴斯 fe CCD老数码相机 复古感 详细介绍和样片 标配
								本店所售机器均为展示机或者仅拆封的机器，本店不支持七天无理由，请了解后考虑清楚再下单。",￥959.00,XINGRUI运动户外海外专营店,https://item.jd.com/10101372698107.html
奥林巴斯（OLYMPUS）OM-1微单相机 数码相机 微单机身 （12-40mm F2.8 PRO II）1053对焦点 全像素高速连拍,￥,奥林巴斯京东自营旗舰店,https://item.jd.com/100033146314.html
"京东国际	
奥林巴斯（OLYMPUS）奥之心 PEN E-P7 微单相机 数码复古相机 微单无反照相机 EP7+14-42mm镜头 白色
								【京东国际自营】经典复古设计，可翻转屏幕，4K视频拍摄！保税仓发货，最快次日达！",￥5799.00,数码海外京东自营专区,https://item.jd.com/100089283460.html
"京东国际	
奥林巴斯（OLYMPUS）PEN E-P7 EP7 EM10四代 微单相机 数码相机套机 双镜头 复古旅游学生相机 E-P7 双变焦镜头套机 银白色",￥6399.00,信威国际海外旗舰店,https://item.jd.com/10093113746180.html
"京东国际	
奥林巴斯（OLYMPUS）PEN-FpenfEP7EP5EPL7EPL9EPL10高端复古微单相机 98新E-P.L5 官方标配 +14-42EZ 电动变焦镜头",￥3194.02,JINGSONG运动户外海外专营店,https://item.jd.com/10103076817268.html
"拍拍	
奥林巴斯/OLYMPUS 二手微单相机 EPL8 9 EM5 EM10 二代三代微单反复古照相机 奥林巴斯 E-PL1 仅机身 95成新",￥899.00,摄贸二手数码专营店,https://item.jd.com/10081744164928.html
"京东国际	
奥林巴斯（OLYMPUS）OM-5 微单相机数码相机 五轴防抖手持高像素 星空自动对焦 OM-5 单机身 黑色",￥7199.00,amazing world海外专营店,https://item.jd.com/10028266899104.html
"奥林巴斯（OLYMPUS）M.ZUIKO DIGITAL ED 30mm F3.5 Macro 微距镜头 微单镜头 等效60mm
								等效60mm微距镜头到手价不高于1699元！白条免息！",￥,奥林巴斯京东自营旗舰店,https://item.jd.com/3924874.html
"拍拍	
奥林巴斯/OLYMPUS EM5 EM10 微单相机 套机 奥林巴斯 二手微单相机 95新 奥林巴斯E-M10 14-42 套机 黑色 95新",￥2599.00,摄贸二手数码专营店,https://item.jd.com/57522244867.html
"京东国际	
奥林巴斯（OLYMPUS）E-M10 MarkIV EM10四代 微单相机 数码相机 微单套机 E-M10 M4 14-42mm+40-150mm 黑色
								【京东国际自营】限时晒单送备用电池！小巧轻量，4.5档机身防抖，全新2030万像素！保税仓发货，最快次日达！",￥6499.00,数码海外京东自营专区,https://item.jd.com/100096881751.html
"京东国际	
奥林巴斯（OLYMPUS）SZ-MR长焦数码微单卡片相机追月亮神器SZ 标配 7成新奥林巴斯SZ-30MR(已售完)
								本店所售机器均为展示机或者仅拆封的机器，本店不支持七天无理由，请了解后考虑清楚再下单。",￥1019.00,XINGRUI运动户外海外专营店,https://item.jd.com/10101372562044.html
"拍拍	
奥林巴斯/OLYMPUS EM5 EM10 微单相机 套机 奥林巴斯 二手微单相机 95新 奥林巴斯 PL1S 单机 95新",￥799.00,摄贸二手数码专营店,https://item.jd.com/10093028075512.html
"京东国际	
奥林巴斯（OLYMPUS）胶片机 OM1 Om-1 OM-1N 50/1.8 套机 胶卷相机",￥2070.00,BXHS海外专营店,https://item.jd.com/10102927464226.html
奥林巴斯（OLYMPUS）PEN E-P7 微单相机 奥之心复古无反数码相机 轻巧便携 日本直邮 PEN E-P7白色 单机身,￥5299.00,MABC海外官方旗舰店,https://item.jd.com/10073065752217.html
"京东国际	
奥林巴斯-四代微单相机数码相机单机身.档强化机身防抖 ' 14-42mm银",￥8548.10,HAOSHEG海外专营店,https://item.jd.com/10096804093963.html
"京东国际	
奥林巴斯（OLYMPUS）EPL7女生入门级微单学生数码照相机vlog旅游高清自拍 95新EPL7 标配【单机身】 单机不带镜",￥2207.00,COLALA海外旗舰店,https://item.jd.com/10103713712512.html
"京东国际	
奥林巴斯（OLYMPUS）PEN-FpenfEP7EP5EPL7EPL9EPL10高端复古微单相机 98新E-P.L7 官方标配 +14-42EZ 电动变焦镜头",￥4580.82,JINGSONG运动户外海外专营店,https://item.jd.com/10103076817252.html
"京东国际	
奥林巴斯（OLYMPUS）STYLUS SH-1/SH-60/SH-50/SH-25/VH510复古相机 SH-21变焦12.5倍 标配",￥1332.00,LEONA海外卖场店,https://item.jd.com/10104049577015.html
"拍拍	
奥林巴斯/OLYMPUS 二手微单相机 EPL8 9 EM5 EM10 二代三代微单反复古照相机 奥林巴斯 PL1S 仅机身 95成新",￥799.00,摄贸二手数码专营店,https://item.jd.com/10093033769826.html
奥林巴斯（OLYMPUS）PENE-P7微单相机EP7相机套机照相机复古旅游学生相机E-P7单机白色 E-P7 单机银色,￥8597.00,ABSUN海外旗舰店,https://item.jd.com/10095993754984.html
"京东国际	
奥林巴斯（OLYMPUS）M.ZUIKO DIGITAL 45mm F1.8 定焦人像镜头 微单镜头 背景虚化 银色 等效90mm 45mm F1.8 银色",￥1499.00,蜗牛国际数码海外官方旗舰店,https://item.jd.com/10099547189303.html
"拍拍	
奥林巴斯/OLYMPUS 二手微单相机 EPL8 9 EM5 EM10 二代三代微单反复古照相机 奥林巴斯 E-PL7 14-42套机 95成新",￥2379.00,摄贸二手数码专营店,https://item.jd.com/10081744164594.html
"京东国际	
奥林巴斯（OLYMPUS）PEN-FpenfEP7EP5EPL7EPL9EPL10高端复古微单相机 99新E-P5 官方标配 +14-42EZ 电动变焦镜头",￥5534.42,JINGSONG运动户外海外专营店,https://item.jd.com/10103076817248.html
"拍拍	
奥林巴斯/OLYMPUS EM5 EM10 微单相机 套机 奥林巴斯 二手微单相机 95新 奥林巴斯E-PL3  14-42套机 95新",￥1399.00,摄贸二手数码专营店,https://item.jd.com/10054478818887.html
奥林巴斯（OLYMPUS）E-M10 MarkIV EM10四代 数码微单相机 银色【E-M10 M4】14-42套机 套餐二,￥6799.00,腾苈跃数码经营部,https://item.jd.com/10100516476232.html
"奥林巴斯（OLYMPUS）OM-1微单相机 数码相机 微单机身 7档机身防抖 1053对焦点 全像素高速连拍 高速动态视频
								【预售】100抵2100！7档机身防抖！全像素高速连拍！高速动态视频！旗舰级专业微单相机！买家秀赠128G极速卡！白条免息！",￥,奥林巴斯京东自营旗舰店,https://item.jd.com/100033146316.html
"京东国际	
奥林巴斯奥之心-/四代微型单电无反入门数码相机 ' 银14-42+黑40-150双镜头",￥9502.02,HAOSHEG海外专营店,https://item.jd.com/10096803991748.html
"京东国际	
奥林巴斯（OLYMPUS）PEN E-P7 EP7 EM10四代 微单相机 数码相机套机 双镜头 复古旅游学生相机 E-P7 双变焦镜头套机 银黑色",￥6669.00,信威国际海外旗舰店,https://item.jd.com/10093113746181.html
"奥林巴斯 OLYMPUS PEN E-P7 微单相机 EP7数码相机 微单套机（14-42mm F3.5-5.6）2030万像素
								经典色彩配置！高颜值微单相机！买家秀赠64G卡！白条免息！",￥,奥林巴斯京东自营旗舰店,https://item.jd.com/100023131362.html
"京东国际	
奥林巴斯（OLYMPUS）PEN E-P7 EP7 EM10四代 微单相机 数码相机套机 双镜头 复古旅游学生相机 E-P7+14-42mm单变焦镜头套机 银白色",￥5999.00,信威国际海外旗舰店,https://item.jd.com/10101350376646.html
"京东国际	
奥林巴斯（OLYMPUS）【奥林巴斯】Olympus/奥林巴斯 fe CCD老数码相机 复古感 详细介绍和样片 标配
								本店所售机器均为展示机或者仅拆封的机器，本店不支持七天无理由，请了解后考虑清楚再下单。",￥959.00,XINGRUI运动户外海外专营店,https://item.jd.com/10101372698107.html
奥林巴斯（OLYMPUS）OM-1微单相机 数码相机 微单机身 （12-40mm F2.8 PRO II）1053对焦点 全像素高速连拍,￥,奥林巴斯京东自营旗舰店,https://item.jd.com/100033146314.html
"京东国际	
奥林巴斯（OLYMPUS）奥之心 PEN E-P7 微单相机 数码复古相机 微单无反照相机 EP7+14-42mm镜头 白色
								【京东国际自营】经典复古设计，可翻转屏幕，4K视频拍摄！保税仓发货，最快次日达！",￥5799.00,数码海外京东自营专区,https://item.jd.com/100089283460.html
"京东国际	
奥林巴斯（OLYMPUS）PEN E-P7 EP7 EM10四代 微单相机 数码相机套机 双镜头 复古旅游学生相机 E-P7 双变焦镜头套机 银白色",￥6399.00,信威国际海外旗舰店,https://item.jd.com/10093113746180.html
"京东国际	
奥林巴斯（OLYMPUS）PEN-FpenfEP7EP5EPL7EPL9EPL10高端复古微单相机 98新E-P.L5 官方标配 +14-42EZ 电动变焦镜头",￥3194.02,JINGSONG运动户外海外专营店,https://item.jd.com/10103076817268.html
"拍拍	
奥林巴斯/OLYMPUS 二手微单相机 EPL8 9 EM5 EM10 二代三代微单反复古照相机 奥林巴斯 E-PL1 仅机身 95成新",￥899.00,摄贸二手数码专营店,https://item.jd.com/10081744164928.html
"京东国际	
奥林巴斯（OLYMPUS）OM-5 微单相机数码相机 五轴防抖手持高像素 星空自动对焦 OM-5 单机身 黑色",￥7199.00,amazing world海外专营店,https://item.jd.com/10028266899104.html
"奥林巴斯（OLYMPUS）M.ZUIKO DIGITAL ED 30mm F3.5 Macro 微距镜头 微单镜头 等效60mm
								等效60mm微距镜头到手价不高于1699元！白条免息！",￥,奥林巴斯京东自营旗舰店,https://item.jd.com/3924874.html
"拍拍	
奥林巴斯/OLYMPUS EM5 EM10 微单相机 套机 奥林巴斯 二手微单相机 95新 奥林巴斯E-M10 14-42 套机 黑色 95新",￥2599.00,摄贸二手数码专营店,https://item.jd.com/57522244867.html
"京东国际	
奥林巴斯（OLYMPUS）E-M10 MarkIV EM10四代 微单相机 数码相机 微单套机 E-M10 M4 14-42mm+40-150mm 黑色
								【京东国际自营】限时晒单送备用电池！小巧轻量，4.5档机身防抖，全新2030万像素！保税仓发货，最快次日达！",￥6499.00,数码海外京东自营专区,https://item.jd.com/100096881751.html
"京东国际	
奥林巴斯（OLYMPUS）SZ-MR长焦数码微单卡片相机追月亮神器SZ 标配 7成新奥林巴斯SZ-30MR(已售完)
								本店所售机器均为展示机或者仅拆封的机器，本店不支持七天无理由，请了解后考虑清楚再下单。",￥1019.00,XINGRUI运动户外海外专营店,https://item.jd.com/10101372562044.html
"拍拍	
奥林巴斯/OLYMPUS EM5 EM10 微单相机 套机 奥林巴斯 二手微单相机 95新 奥林巴斯 PL1S 单机 95新",￥799.00,摄贸二手数码专营店,https://item.jd.com/10093028075512.html
"京东国际	
奥林巴斯（OLYMPUS）胶片机 OM1 Om-1 OM-1N 50/1.8 套机 胶卷相机",￥2070.00,BXHS海外专营店,https://item.jd.com/10102927464226.html
奥林巴斯（OLYMPUS）PEN E-P7 微单相机 奥之心复古无反数码相机 轻巧便携 日本直邮 PEN E-P7白色 单机身,￥5299.00,MABC海外官方旗舰店,https://item.jd.com/10073065752217.html
"京东国际	
奥林巴斯-四代微单相机数码相机单机身.档强化机身防抖 ' 14-42mm银",￥8548.10,HAOSHEG海外专营店,https://item.jd.com/10096804093963.html
"京东国际	
奥林巴斯（OLYMPUS）EPL7女生入门级微单学生数码照相机vlog旅游高清自拍 95新EPL7 标配【单机身】 单机不带镜",￥2207.00,COLALA海外旗舰店,https://item.jd.com/10103713712512.html
"京东国际	
奥林巴斯（OLYMPUS）PEN-FpenfEP7EP5EPL7EPL9EPL10高端复古微单相机 98新E-P.L7 官方标配 +14-42EZ 电动变焦镜头",￥4580.82,JINGSONG运动户外海外专营店,https://item.jd.com/10103076817252.html
"京东国际	
奥林巴斯（OLYMPUS）STYLUS SH-1/SH-60/SH-50/SH-25/VH510复古相机 SH-21变焦12.5倍 标配",￥1332.00,LEONA海外卖场店,https://item.jd.com/10104049577015.html
"拍拍	
奥林巴斯/OLYMPUS 二手微单相机 EPL8 9 EM5 EM10 二代三代微单反复古照相机 奥林巴斯 PL1S 仅机身 95成新",￥799.00,摄贸二手数码专营店,https://item.jd.com/10093033769826.html
奥林巴斯（OLYMPUS）PENE-P7微单相机EP7相机套机照相机复古旅游学生相机E-P7单机白色 E-P7 单机银色,￥8597.00,ABSUN海外旗舰店,https://item.jd.com/10095993754984.html
"京东国际	
奥林巴斯（OLYMPUS）M.ZUIKO DIGITAL 45mm F1.8 定焦人像镜头 微单镜头 背景虚化 银色 等效90mm 45mm F1.8 银色",￥1499.00,蜗牛国际数码海外官方旗舰店,https://item.jd.com/10099547189303.html
"拍拍	
奥林巴斯/OLYMPUS 二手微单相机 EPL8 9 EM5 EM10 二代三代微单反复古照相机 奥林巴斯 E-PL7 14-42套机 95成新",￥2379.00,摄贸二手数码专营店,https://item.jd.com/10081744164594.html
"京东国际	
奥林巴斯（OLYMPUS）PEN-FpenfEP7EP5EPL7EPL9EPL10高端复古微单相机 99新E-P5 官方标配 +14-42EZ 电动变焦镜头",￥5534.42,JINGSONG运动户外海外专营店,https://item.jd.com/10103076817248.html
"拍拍	
奥林巴斯/OLYMPUS EM5 EM10 微单相机 套机 奥林巴斯 二手微单相机 95新 奥林巴斯E-PL3  14-42套机 95新",￥1399.00,摄贸二手数码专营店,https://item.jd.com/10054478818887.html
奥林巴斯（OLYMPUS）E-M10 MarkIV EM10四代 数码微单相机 银色【E-M10 M4】14-42套机 套餐二,￥6799.00,腾苈跃数码经营部,https://item.jd.com/10100516476232.html
"奥林巴斯（OLYMPUS）OM-1微单相机 数码相机 微单机身 7档机身防抖 1053对焦点 全像素高速连拍 高速动态视频
								【预售】100抵2100！7档机身防抖！全像素高速连拍！高速动态视频！旗舰级专业微单相机！买家秀赠128G极速卡！白条免息！",￥,奥林巴斯京东自营旗舰店,https://item.jd.com/100033146316.html
"京东国际	
奥林巴斯奥之心-/四代微型单电无反入门数码相机 ' 银14-42+黑40-150双镜头",￥9502.02,HAOSHEG海外专营店,https://item.jd.com/10096803991748.html
"京东国际	
奥林巴斯（OLYMPUS）PEN E-P7 EP7 EM10四代 微单相机 数码相机套机 双镜头 复古旅游学生相机 E-P7 双变焦镜头套机 银黑色",￥6669.00,信威国际海外旗舰店,https://item.jd.com/10093113746181.html
"奥林巴斯 OLYMPUS PEN E-P7 微单相机 EP7数码相机 微单套机（14-42mm F3.5-5.6）2030万像素
								经典色彩配置！高颜值微单相机！买家秀赠64G卡！白条免息！",￥,奥林巴斯京东自营旗舰店,https://item.jd.com/100023131362.html
"京东国际	
奥林巴斯（OLYMPUS）PEN E-P7 EP7 EM10四代 微单相机 数码相机套机 双镜头 复古旅游学生相机 E-P7+14-42mm单变焦镜头套机 银白色",￥5999.00,信威国际海外旗舰店,https://item.jd.com/10101350376646.html
"京东国际	
奥林巴斯（OLYMPUS）【奥林巴斯】Olympus/奥林巴斯 fe CCD老数码相机 复古感 详细介绍和样片 标配
								本店所售机器均为展示机或者仅拆封的机器，本店不支持七天无理由，请了解后考虑清楚再下单。",￥959.00,XINGRUI运动户外海外专营店,https://item.jd.com/10101372698107.html
奥林巴斯（OLYMPUS）OM-1微单相机 数码相机 微单机身 （12-40mm F2.8 PRO II）1053对焦点 全像素高速连拍,￥,奥林巴斯京东自营旗舰店,https://item.jd.com/100033146314.html
"京东国际	
奥林巴斯（OLYMPUS）奥之心 PEN E-P7 微单相机 数码复古相机 微单无反照相机 EP7+14-42mm镜头 白色
								【京东国际自营】经典复古设计，可翻转屏幕，4K视频拍摄！保税仓发货，最快次日达！",￥5799.00,数码海外京东自营专区,https://item.jd.com/100089283460.html
"京东国际	
奥林巴斯（OLYMPUS）PEN E-P7 EP7 EM10四代 微单相机 数码相机套机 双镜头 复古旅游学生相机 E-P7 双变焦镜头套机 银白色",￥6399.00,信威国际海外旗舰店,https://item.jd.com/10093113746180.html
"京东国际	
奥林巴斯（OLYMPUS）PEN-FpenfEP7EP5EPL7EPL9EPL10高端复古微单相机 98新E-P.L5 官方标配 +14-42EZ 电动变焦镜头",￥3194.02,JINGSONG运动户外海外专营店,https://item.jd.com/10103076817268.html
"拍拍	
奥林巴斯/OLYMPUS 二手微单相机 EPL8 9 EM5 EM10 二代三代微单反复古照相机 奥林巴斯 E-PL1 仅机身 95成新",￥899.00,摄贸二手数码专营店,https://item.jd.com/10081744164928.html
"京东国际	
奥林巴斯（OLYMPUS）OM-5 微单相机数码相机 五轴防抖手持高像素 星空自动对焦 OM-5 单机身 黑色",￥7199.00,amazing world海外专营店,https://item.jd.com/10028266899104.html
"奥林巴斯（OLYMPUS）M.ZUIKO DIGITAL ED 30mm F3.5 Macro 微距镜头 微单镜头 等效60mm
								等效60mm微距镜头到手价不高于1699元！白条免息！",￥,奥林巴斯京东自营旗舰店,https://item.jd.com/3924874.html
"拍拍	
奥林巴斯/OLYMPUS EM5 EM10 微单相机 套机 奥林巴斯 二手微单相机 95新 奥林巴斯E-M10 14-42 套机 黑色 95新",￥2599.00,摄贸二手数码专营店,https://item.jd.com/57522244867.html
"京东国际	
奥林巴斯（OLYMPUS）E-M10 MarkIV EM10四代 微单相机 数码相机 微单套机 E-M10 M4 14-42mm+40-150mm 黑色
								【京东国际自营】限时晒单送备用电池！小巧轻量，4.5档机身防抖，全新2030万像素！保税仓发货，最快次日达！",￥6499.00,数码海外京东自营专区,https://item.jd.com/100096881751.html
"京东国际	
奥林巴斯（OLYMPUS）SZ-MR长焦数码微单卡片相机追月亮神器SZ 标配 7成新奥林巴斯SZ-30MR(已售完)
								本店所售机器均为展示机或者仅拆封的机器，本店不支持七天无理由，请了解后考虑清楚再下单。",￥1019.00,XINGRUI运动户外海外专营店,https://item.jd.com/10101372562044.html
"拍拍	
奥林巴斯/OLYMPUS EM5 EM10 微单相机 套机 奥林巴斯 二手微单相机 95新 奥林巴斯 PL1S 单机 95新",￥799.00,摄贸二手数码专营店,https://item.jd.com/10093028075512.html
"京东国际	
奥林巴斯（OLYMPUS）胶片机 OM1 Om-1 OM-1N 50/1.8 套机 胶卷相机",￥2070.00,BXHS海外专营店,https://item.jd.com/10102927464226.html
奥林巴斯（OLYMPUS）PEN E-P7 微单相机 奥之心复古无反数码相机 轻巧便携 日本直邮 PEN E-P7白色 单机身,￥5299.00,MABC海外官方旗舰店,https://item.jd.com/10073065752217.html
"京东国际	
奥林巴斯-四代微单相机数码相机单机身.档强化机身防抖 ' 14-42mm银",￥8548.10,HAOSHEG海外专营店,https://item.jd.com/10096804093963.html
"京东国际	
奥林巴斯（OLYMPUS）EPL7女生入门级微单学生数码照相机vlog旅游高清自拍 95新EPL7 标配【单机身】 单机不带镜",￥2207.00,COLALA海外旗舰店,https://item.jd.com/10103713712512.html
"京东国际	
奥林巴斯（OLYMPUS）PEN-FpenfEP7EP5EPL7EPL9EPL10高端复古微单相机 98新E-P.L7 官方标配 +14-42EZ 电动变焦镜头",￥4580.82,JINGSONG运动户外海外专营店,https://item.jd.com/10103076817252.html
"京东国际	
奥林巴斯（OLYMPUS）STYLUS SH-1/SH-60/SH-50/SH-25/VH510复古相机 SH-21变焦12.5倍 标配",￥1332.00,LEONA海外卖场店,https://item.jd.com/10104049577015.html
"拍拍	
奥林巴斯/OLYMPUS 二手微单相机 EPL8 9 EM5 EM10 二代三代微单反复古照相机 奥林巴斯 PL1S 仅机身 95成新",￥799.00,摄贸二手数码专营店,https://item.jd.com/10093033769826.html
奥林巴斯（OLYMPUS）PENE-P7微单相机EP7相机套机照相机复古旅游学生相机E-P7单机白色 E-P7 单机银色,￥8597.00,ABSUN海外旗舰店,https://item.jd.com/10095993754984.html
"京东国际	
奥林巴斯（OLYMPUS）M.ZUIKO DIGITAL 45mm F1.8 定焦人像镜头 微单镜头 背景虚化 银色 等效90mm 45mm F1.8 银色",￥1499.00,蜗牛国际数码海外官方旗舰店,https://item.jd.com/10099547189303.html
"拍拍	
奥林巴斯/OLYMPUS 二手微单相机 EPL8 9 EM5 EM10 二代三代微单反复古照相机 奥林巴斯 E-PL7 14-42套机 95成新",￥2379.00,摄贸二手数码专营店,https://item.jd.com/10081744164594.html
"京东国际	
奥林巴斯（OLYMPUS）PEN-FpenfEP7EP5EPL7EPL9EPL10高端复古微单相机 99新E-P5 官方标配 +14-42EZ 电动变焦镜头",￥5534.42,JINGSONG运动户外海外专营店,https://item.jd.com/10103076817248.html
"拍拍	
奥林巴斯/OLYMPUS EM5 EM10 微单相机 套机 奥林巴斯 二手微单相机 95新 奥林巴斯E-PL3  14-42套机 95新",￥1399.00,摄贸二手数码专营店,https://item.jd.com/10054478818887.html
奥林巴斯（OLYMPUS）E-M10 MarkIV EM10四代 数码微单相机 银色【E-M10 M4】14-42套机 套餐二,￥6799.00,腾苈跃数码经营部,https://item.jd.com/10100516476232.html
"奥林巴斯（OLYMPUS）OM-1微单相机 数码相机 微单机身 7档机身防抖 1053对焦点 全像素高速连拍 高速动态视频
								【预售】100抵2100！7档机身防抖！全像素高速连拍！高速动态视频！旗舰级专业微单相机！买家秀赠128G极速卡！白条免息！",￥,奥林巴斯京东自营旗舰店,https://item.jd.com/100033146316.html
"京东国际	
奥林巴斯奥之心-/四代微型单电无反入门数码相机 ' 银14-42+黑40-150双镜头",￥9502.02,HAOSHEG海外专营店,https://item.jd.com/10096803991748.html
"京东国际	
奥林巴斯（OLYMPUS）PEN E-P7 EP7 EM10四代 微单相机 数码相机套机 双镜头 复古旅游学生相机 E-P7 双变焦镜头套机 银黑色",￥6669.00,信威国际海外旗舰店,https://item.jd.com/10093113746181.html
"奥林巴斯 OLYMPUS PEN E-P7 微单相机 EP7数码相机 微单套机（14-42mm F3.5-5.6）2030万像素
								经典色彩配置！高颜值微单相机！买家秀赠64G卡！白条免息！",￥,奥林巴斯京东自营旗舰店,https://item.jd.com/100023131362.html
"京东国际	
奥林巴斯（OLYMPUS）PEN E-P7 EP7 EM10四代 微单相机 数码相机套机 双镜头 复古旅游学生相机 E-P7+14-42mm单变焦镜头套机 银白色",￥5999.00,信威国际海外旗舰店,https://item.jd.com/10101350376646.html
"京东国际	
奥林巴斯（OLYMPUS）【奥林巴斯】Olympus/奥林巴斯 fe CCD老数码相机 复古感 详细介绍和样片 标配
								本店所售机器均为展示机或者仅拆封的机器，本店不支持七天无理由，请了解后考虑清楚再下单。",￥959.00,XINGRUI运动户外海外专营店,https://item.jd.com/10101372698107.html
奥林巴斯（OLYMPUS）OM-1微单相机 数码相机 微单机身 （12-40mm F2.8 PRO II）1053对焦点 全像素高速连拍,￥,奥林巴斯京东自营旗舰店,https://item.jd.com/100033146314.html
"京东国际	
奥林巴斯（OLYMPUS）奥之心 PEN E-P7 微单相机 数码复古相机 微单无反照相机 EP7+14-42mm镜头 白色
								【京东国际自营】经典复古设计，可翻转屏幕，4K视频拍摄！保税仓发货，最快次日达！",￥5799.00,数码海外京东自营专区,https://item.jd.com/100089283460.html
"京东国际	
奥林巴斯（OLYMPUS）PEN E-P7 EP7 EM10四代 微单相机 数码相机套机 双镜头 复古旅游学生相机 E-P7 双变焦镜头套机 银白色",￥6399.00,信威国际海外旗舰店,https://item.jd.com/10093113746180.html
"京东国际	
奥林巴斯（OLYMPUS）PEN-FpenfEP7EP5EPL7EPL9EPL10高端复古微单相机 98新E-P.L5 官方标配 +14-42EZ 电动变焦镜头",￥3194.02,JINGSONG运动户外海外专营店,https://item.jd.com/10103076817268.html
"拍拍	
奥林巴斯/OLYMPUS 二手微单相机 EPL8 9 EM5 EM10 二代三代微单反复古照相机 奥林巴斯 E-PL1 仅机身 95成新",￥899.00,摄贸二手数码专营店,https://item.jd.com/10081744164928.html
"京东国际	
奥林巴斯（OLYMPUS）OM-5 微单相机数码相机 五轴防抖手持高像素 星空自动对焦 OM-5 单机身 黑色",￥7199.00,amazing world海外专营店,https://item.jd.com/10028266899104.html
"奥林巴斯（OLYMPUS）M.ZUIKO DIGITAL ED 30mm F3.5 Macro 微距镜头 微单镜头 等效60mm
								等效60mm微距镜头到手价不高于1699元！白条免息！",￥,奥林巴斯京东自营旗舰店,https://item.jd.com/3924874.html
"拍拍	
奥林巴斯/OLYMPUS EM5 EM10 微单相机 套机 奥林巴斯 二手微单相机 95新 奥林巴斯E-M10 14-42 套机 黑色 95新",￥2599.00,摄贸二手数码专营店,https://item.jd.com/57522244867.html
"京东国际	
奥林巴斯（OLYMPUS）E-M10 MarkIV EM10四代 微单相机 数码相机 微单套机 E-M10 M4 14-42mm+40-150mm 黑色
								【京东国际自营】限时晒单送备用电池！小巧轻量，4.5档机身防抖，全新2030万像素！保税仓发货，最快次日达！",￥6499.00,数码海外京东自营专区,https://item.jd.com/100096881751.html
"京东国际	
奥林巴斯（OLYMPUS）SZ-MR长焦数码微单卡片相机追月亮神器SZ 标配 7成新奥林巴斯SZ-30MR(已售完)
								本店所售机器均为展示机或者仅拆封的机器，本店不支持七天无理由，请了解后考虑清楚再下单。",￥1019.00,XINGRUI运动户外海外专营店,https://item.jd.com/10101372562044.html
"拍拍	
奥林巴斯/OLYMPUS EM5 EM10 微单相机 套机 奥林巴斯 二手微单相机 95新 奥林巴斯 PL1S 单机 95新",￥799.00,摄贸二手数码专营店,https://item.jd.com/10093028075512.html
"京东国际	
奥林巴斯（OLYMPUS）胶片机 OM1 Om-1 OM-1N 50/1.8 套机 胶卷相机",￥2070.00,BXHS海外专营店,https://item.jd.com/10102927464226.html
奥林巴斯（OLYMPUS）PEN E-P7 微单相机 奥之心复古无反数码相机 轻巧便携 日本直邮 PEN E-P7白色 单机身,￥5299.00,MABC海外官方旗舰店,https://item.jd.com/10073065752217.html
"京东国际	
奥林巴斯-四代微单相机数码相机单机身.档强化机身防抖 ' 14-42mm银",￥8548.10,HAOSHEG海外专营店,https://item.jd.com/10096804093963.html
"京东国际	
奥林巴斯（OLYMPUS）EPL7女生入门级微单学生数码照相机vlog旅游高清自拍 95新EPL7 标配【单机身】 单机不带镜",￥2207.00,COLALA海外旗舰店,https://item.jd.com/10103713712512.html
"京东国际	
奥林巴斯（OLYMPUS）PEN-FpenfEP7EP5EPL7EPL9EPL10高端复古微单相机 98新E-P.L7 官方标配 +14-42EZ 电动变焦镜头",￥4580.82,JINGSONG运动户外海外专营店,https://item.jd.com/10103076817252.html
"京东国际	
奥林巴斯（OLYMPUS）STYLUS SH-1/SH-60/SH-50/SH-25/VH510复古相机 SH-21变焦12.5倍 标配",￥1332.00,LEONA海外卖场店,https://item.jd.com/10104049577015.html
"拍拍	
奥林巴斯/OLYMPUS 二手微单相机 EPL8 9 EM5 EM10 二代三代微单反复古照相机 奥林巴斯 PL1S 仅机身 95成新",￥799.00,摄贸二手数码专营店,https://item.jd.com/10093033769826.html
奥林巴斯（OLYMPUS）PENE-P7微单相机EP7相机套机照相机复古旅游学生相机E-P7单机白色 E-P7 单机银色,￥8597.00,ABSUN海外旗舰店,https://item.jd.com/10095993754984.html
"京东国际	
奥林巴斯（OLYMPUS）M.ZUIKO DIGITAL 45mm F1.8 定焦人像镜头 微单镜头 背景虚化 银色 等效90mm 45mm F1.8 银色",￥1499.00,蜗牛国际数码海外官方旗舰店,https://item.jd.com/10099547189303.html
"拍拍	
奥林巴斯/OLYMPUS 二手微单相机 EPL8 9 EM5 EM10 二代三代微单反复古照相机 奥林巴斯 E-PL7 14-42套机 95成新",￥2379.00,摄贸二手数码专营店,https://item.jd.com/10081744164594.html
"京东国际	
奥林巴斯（OLYMPUS）PEN-FpenfEP7EP5EPL7EPL9EPL10高端复古微单相机 99新E-P5 官方标配 +14-42EZ 电动变焦镜头",￥5534.42,JINGSONG运动户外海外专营店,https://item.jd.com/10103076817248.html
"拍拍	
奥林巴斯/OLYMPUS EM5 EM10 微单相机 套机 奥林巴斯 二手微单相机 95新 奥林巴斯E-PL3  14-42套机 95新",￥1399.00,摄贸二手数码专营店,https://item.jd.com/10054478818887.html
奥林巴斯（OLYMPUS）E-M10 MarkIV EM10四代 数码微单相机 银色【E-M10 M4】14-42套机 套餐二,￥6799.00,腾苈跃数码经营部,https://item.jd.com/10100516476232.html
"奥林巴斯（OLYMPUS）OM-1微单相机 数码相机 微单机身 7档机身防抖 1053对焦点 全像素高速连拍 高速动态视频
								【预售】100抵2100！7档机身防抖！全像素高速连拍！高速动态视频！旗舰级专业微单相机！买家秀赠128G极速卡！白条免息！",￥,奥林巴斯京东自营旗舰店,https://item.jd.com/100033146316.html
"京东国际	
奥林巴斯奥之心-/四代微型单电无反入门数码相机 ' 银14-42+黑40-150双镜头",￥9502.02,HAOSHEG海外专营店,https://item.jd.com/10096803991748.html
"京东国际	
奥林巴斯（OLYMPUS）PEN E-P7 EP7 EM10四代 微单相机 数码相机套机 双镜头 复古旅游学生相机 E-P7 双变焦镜头套机 银黑色",￥6669.00,信威国际海外旗舰店,https://item.jd.com/10093113746181.html
"奥林巴斯 OLYMPUS PEN E-P7 微单相机 EP7数码相机 微单套机（14-42mm F3.5-5.6）2030万像素
								经典色彩配置！高颜值微单相机！买家秀赠64G卡！白条免息！",￥,奥林巴斯京东自营旗舰店,https://item.jd.com/100023131362.html
"京东国际	
奥林巴斯（OLYMPUS）PEN E-P7 EP7 EM10四代 微单相机 数码相机套机 双镜头 复古旅游学生相机 E-P7+14-42mm单变焦镜头套机 银白色",￥5999.00,信威国际海外旗舰店,https://item.jd.com/10101350376646.html
"京东国际	
奥林巴斯（OLYMPUS）【奥林巴斯】Olympus/奥林巴斯 fe CCD老数码相机 复古感 详细介绍和样片 标配
								本店所售机器均为展示机或者仅拆封的机器，本店不支持七天无理由，请了解后考虑清楚再下单。",￥959.00,XINGRUI运动户外海外专营店,https://item.jd.com/10101372698107.html
奥林巴斯（OLYMPUS）OM-1微单相机 数码相机 微单机身 （12-40mm F2.8 PRO II）1053对焦点 全像素高速连拍,￥,奥林巴斯京东自营旗舰店,https://item.jd.com/100033146314.html
"京东国际	
奥林巴斯（OLYMPUS）奥之心 PEN E-P7 微单相机 数码复古相机 微单无反照相机 EP7+14-42mm镜头 白色
								【京东国际自营】经典复古设计，可翻转屏幕，4K视频拍摄！保税仓发货，最快次日达！",￥5799.00,数码海外京东自营专区,https://item.jd.com/100089283460.html
"京东国际	
奥林巴斯（OLYMPUS）PEN E-P7 EP7 EM10四代 微单相机 数码相机套机 双镜头 复古旅游学生相机 E-P7 双变焦镜头套机 银白色",￥6399.00,信威国际海外旗舰店,https://item.jd.com/10093113746180.html
"京东国际	
奥林巴斯（OLYMPUS）PEN-FpenfEP7EP5EPL7EPL9EPL10高端复古微单相机 98新E-P.L5 官方标配 +14-42EZ 电动变焦镜头",￥3194.02,JINGSONG运动户外海外专营店,https://item.jd.com/10103076817268.html
"拍拍	
奥林巴斯/OLYMPUS 二手微单相机 EPL8 9 EM5 EM10 二代三代微单反复古照相机 奥林巴斯 E-PL1 仅机身 95成新",￥899.00,摄贸二手数码专营店,https://item.jd.com/10081744164928.html
"京东国际	
奥林巴斯（OLYMPUS）OM-5 微单相机数码相机 五轴防抖手持高像素 星空自动对焦 OM-5 单机身 黑色",￥7199.00,amazing world海外专营店,https://item.jd.com/10028266899104.html
"奥林巴斯（OLYMPUS）M.ZUIKO DIGITAL ED 30mm F3.5 Macro 微距镜头 微单镜头 等效60mm
								等效60mm微距镜头到手价不高于1699元！白条免息！",￥,奥林巴斯京东自营旗舰店,https://item.jd.com/3924874.html
"拍拍	
奥林巴斯/OLYMPUS EM5 EM10 微单相机 套机 奥林巴斯 二手微单相机 95新 奥林巴斯E-M10 14-42 套机 黑色 95新",￥2599.00,摄贸二手数码专营店,https://item.jd.com/57522244867.html
"京东国际	
奥林巴斯（OLYMPUS）E-M10 MarkIV EM10四代 微单相机 数码相机 微单套机 E-M10 M4 14-42mm+40-150mm 黑色
								【京东国际自营】限时晒单送备用电池！小巧轻量，4.5档机身防抖，全新2030万像素！保税仓发货，最快次日达！",￥6499.00,数码海外京东自营专区,https://item.jd.com/100096881751.html
"京东国际	
奥林巴斯（OLYMPUS）SZ-MR长焦数码微单卡片相机追月亮神器SZ 标配 7成新奥林巴斯SZ-30MR(已售完)
								本店所售机器均为展示机或者仅拆封的机器，本店不支持七天无理由，请了解后考虑清楚再下单。",￥1019.00,XINGRUI运动户外海外专营店,https://item.jd.com/10101372562044.html
"拍拍	
奥林巴斯/OLYMPUS EM5 EM10 微单相机 套机 奥林巴斯 二手微单相机 95新 奥林巴斯 PL1S 单机 95新",￥799.00,摄贸二手数码专营店,https://item.jd.com/10093028075512.html
"京东国际	
奥林巴斯（OLYMPUS）胶片机 OM1 Om-1 OM-1N 50/1.8 套机 胶卷相机",￥2070.00,BXHS海外专营店,https://item.jd.com/10102927464226.html
奥林巴斯（OLYMPUS）PEN E-P7 微单相机 奥之心复古无反数码相机 轻巧便携 日本直邮 PEN E-P7白色 单机身,￥5299.00,MABC海外官方旗舰店,https://item.jd.com/10073065752217.html
"京东国际	
奥林巴斯-四代微单相机数码相机单机身.档强化机身防抖 ' 14-42mm银",￥8548.10,HAOSHEG海外专营店,https://item.jd.com/10096804093963.html
"京东国际	
奥林巴斯（OLYMPUS）EPL7女生入门级微单学生数码照相机vlog旅游高清自拍 95新EPL7 标配【单机身】 单机不带镜",￥2207.00,COLALA海外旗舰店,https://item.jd.com/10103713712512.html
"京东国际	
奥林巴斯（OLYMPUS）PEN-FpenfEP7EP5EPL7EPL9EPL10高端复古微单相机 98新E-P.L7 官方标配 +14-42EZ 电动变焦镜头",￥4580.82,JINGSONG运动户外海外专营店,https://item.jd.com/10103076817252.html
"京东国际	
奥林巴斯（OLYMPUS）STYLUS SH-1/SH-60/SH-50/SH-25/VH510复古相机 SH-21变焦12.5倍 标配",￥1332.00,LEONA海外卖场店,https://item.jd.com/10104049577015.html
"拍拍	
奥林巴斯/OLYMPUS 二手微单相机 EPL8 9 EM5 EM10 二代三代微单反复古照相机 奥林巴斯 PL1S 仅机身 95成新",￥799.00,摄贸二手数码专营店,https://item.jd.com/10093033769826.html
奥林巴斯（OLYMPUS）PENE-P7微单相机EP7相机套机照相机复古旅游学生相机E-P7单机白色 E-P7 单机银色,￥8597.00,ABSUN海外旗舰店,https://item.jd.com/10095993754984.html
"京东国际	
奥林巴斯（OLYMPUS）M.ZUIKO DIGITAL 45mm F1.8 定焦人像镜头 微单镜头 背景虚化 银色 等效90mm 45mm F1.8 银色",￥1499.00,蜗牛国际数码海外官方旗舰店,https://item.jd.com/10099547189303.html
"拍拍	
奥林巴斯/OLYMPUS 二手微单相机 EPL8 9 EM5 EM10 二代三代微单反复古照相机 奥林巴斯 E-PL7 14-42套机 95成新",￥2379.00,摄贸二手数码专营店,https://item.jd.com/10081744164594.html
"京东国际	
奥林巴斯（OLYMPUS）PEN-FpenfEP7EP5EPL7EPL9EPL10高端复古微单相机 99新E-P5 官方标配 +14-42EZ 电动变焦镜头",￥5534.42,JINGSONG运动户外海外专营店,https://item.jd.com/10103076817248.html
"拍拍	
奥林巴斯/OLYMPUS EM5 EM10 微单相机 套机 奥林巴斯 二手微单相机 95新 奥林巴斯E-PL3  14-42套机 95新",￥1399.00,摄贸二手数码专营店,https://item.jd.com/10054478818887.html
奥林巴斯（OLYMPUS）E-M10 MarkIV EM10四代 数码微单相机 银色【E-M10 M4】14-42套机 套餐二,￥6799.00,腾苈跃数码经营部,https://item.jd.com/10100516476232.html
"奥林巴斯（OLYMPUS）OM-1微单相机 数码相机 微单机身 7档机身防抖 1053对焦点 全像素高速连拍 高速动态视频
								【预售】100抵2100！7档机身防抖！全像素高速连拍！高速动态视频！旗舰级专业微单相机！买家秀赠128G极速卡！白条免息！",￥,奥林巴斯京东自营旗舰店,https://item.jd.com/100033146316.html
"京东国际	
奥林巴斯奥之心-/四代微型单电无反入门数码相机 ' 银14-42+黑40-150双镜头",￥9502.02,HAOSHEG海外专营店,https://item.jd.com/10096803991748.html
"京东国际	
奥林巴斯（OLYMPUS）PEN E-P7 EP7 EM10四代 微单相机 数码相机套机 双镜头 复古旅游学生相机 E-P7 双变焦镜头套机 银黑色",￥6669.00,信威国际海外旗舰店,https://item.jd.com/10093113746181.html
"奥林巴斯 OLYMPUS PEN E-P7 微单相机 EP7数码相机 微单套机（14-42mm F3.5-5.6）2030万像素
								经典色彩配置！高颜值微单相机！买家秀赠64G卡！白条免息！",￥,奥林巴斯京东自营旗舰店,https://item.jd.com/100023131362.html
"京东国际	
奥林巴斯（OLYMPUS）PEN E-P7 EP7 EM10四代 微单相机 数码相机套机 双镜头 复古旅游学生相机 E-P7+14-42mm单变焦镜头套机 银白色",￥5999.00,信威国际海外旗舰店,https://item.jd.com/10101350376646.html
"京东国际	
奥林巴斯（OLYMPUS）【奥林巴斯】Olympus/奥林巴斯 fe CCD老数码相机 复古感 详细介绍和样片 标配
								本店所售机器均为展示机或者仅拆封的机器，本店不支持七天无理由，请了解后考虑清楚再下单。",￥959.00,XINGRUI运动户外海外专营店,https://item.jd.com/10101372698107.html
奥林巴斯（OLYMPUS）OM-1微单相机 数码相机 微单机身 （12-40mm F2.8 PRO II）1053对焦点 全像素高速连拍,￥,奥林巴斯京东自营旗舰店,https://item.jd.com/100033146314.html
"京东国际	
奥林巴斯（OLYMPUS）奥之心 PEN E-P7 微单相机 数码复古相机 微单无反照相机 EP7+14-42mm镜头 白色
								【京东国际自营】经典复古设计，可翻转屏幕，4K视频拍摄！保税仓发货，最快次日达！",￥5799.00,数码海外京东自营专区,https://item.jd.com/100089283460.html
"京东国际	
奥林巴斯（OLYMPUS）PEN E-P7 EP7 EM10四代 微单相机 数码相机套机 双镜头 复古旅游学生相机 E-P7 双变焦镜头套机 银白色",￥6399.00,信威国际海外旗舰店,https://item.jd.com/10093113746180.html
"京东国际	
奥林巴斯（OLYMPUS）PEN-FpenfEP7EP5EPL7EPL9EPL10高端复古微单相机 98新E-P.L5 官方标配 +14-42EZ 电动变焦镜头",￥3194.02,JINGSONG运动户外海外专营店,https://item.jd.com/10103076817268.html
"拍拍	
奥林巴斯/OLYMPUS 二手微单相机 EPL8 9 EM5 EM10 二代三代微单反复古照相机 奥林巴斯 E-PL1 仅机身 95成新",￥899.00,摄贸二手数码专营店,https://item.jd.com/10081744164928.html
"京东国际	
奥林巴斯（OLYMPUS）OM-5 微单相机数码相机 五轴防抖手持高像素 星空自动对焦 OM-5 单机身 黑色",￥7199.00,amazing world海外专营店,https://item.jd.com/10028266899104.html
"奥林巴斯（OLYMPUS）M.ZUIKO DIGITAL ED 30mm F3.5 Macro 微距镜头 微单镜头 等效60mm
								等效60mm微距镜头到手价不高于1699元！白条免息！",￥,奥林巴斯京东自营旗舰店,https://item.jd.com/3924874.html
"拍拍	
奥林巴斯/OLYMPUS EM5 EM10 微单相机 套机 奥林巴斯 二手微单相机 95新 奥林巴斯E-M10 14-42 套机 黑色 95新",￥2599.00,摄贸二手数码专营店,https://item.jd.com/57522244867.html
"京东国际	
奥林巴斯（OLYMPUS）E-M10 MarkIV EM10四代 微单相机 数码相机 微单套机 E-M10 M4 14-42mm+40-150mm 黑色
								【京东国际自营】限时晒单送备用电池！小巧轻量，4.5档机身防抖，全新2030万像素！保税仓发货，最快次日达！",￥6499.00,数码海外京东自营专区,https://item.jd.com/100096881751.html
"京东国际	
奥林巴斯（OLYMPUS）SZ-MR长焦数码微单卡片相机追月亮神器SZ 标配 7成新奥林巴斯SZ-30MR(已售完)
								本店所售机器均为展示机或者仅拆封的机器，本店不支持七天无理由，请了解后考虑清楚再下单。",￥1019.00,XINGRUI运动户外海外专营店,https://item.jd.com/10101372562044.html
"拍拍	
奥林巴斯/OLYMPUS EM5 EM10 微单相机 套机 奥林巴斯 二手微单相机 95新 奥林巴斯 PL1S 单机 95新",￥799.00,摄贸二手数码专营店,https://item.jd.com/10093028075512.html
"京东国际	
奥林巴斯（OLYMPUS）胶片机 OM1 Om-1 OM-1N 50/1.8 套机 胶卷相机",￥2070.00,BXHS海外专营店,https://item.jd.com/10102927464226.html
奥林巴斯（OLYMPUS）PEN E-P7 微单相机 奥之心复古无反数码相机 轻巧便携 日本直邮 PEN E-P7白色 单机身,￥5299.00,MABC海外官方旗舰店,https://item.jd.com/10073065752217.html
"京东国际	
奥林巴斯-四代微单相机数码相机单机身.档强化机身防抖 ' 14-42mm银",￥8548.10,HAOSHEG海外专营店,https://item.jd.com/10096804093963.html
"京东国际	
奥林巴斯（OLYMPUS）EPL7女生入门级微单学生数码照相机vlog旅游高清自拍 95新EPL7 标配【单机身】 单机不带镜",￥2207.00,COLALA海外旗舰店,https://item.jd.com/10103713712512.html
"京东国际	
奥林巴斯（OLYMPUS）PEN-FpenfEP7EP5EPL7EPL9EPL10高端复古微单相机 98新E-P.L7 官方标配 +14-42EZ 电动变焦镜头",￥4580.82,JINGSONG运动户外海外专营店,https://item.jd.com/10103076817252.html
"京东国际	
奥林巴斯（OLYMPUS）STYLUS SH-1/SH-60/SH-50/SH-25/VH510复古相机 SH-21变焦12.5倍 标配",￥1332.00,LEONA海外卖场店,https://item.jd.com/10104049577015.html
"拍拍	
奥林巴斯/OLYMPUS 二手微单相机 EPL8 9 EM5 EM10 二代三代微单反复古照相机 奥林巴斯 PL1S 仅机身 95成新",￥799.00,摄贸二手数码专营店,https://item.jd.com/10093033769826.html
奥林巴斯（OLYMPUS）PENE-P7微单相机EP7相机套机照相机复古旅游学生相机E-P7单机白色 E-P7 单机银色,￥8597.00,ABSUN海外旗舰店,https://item.jd.com/10095993754984.html
"京东国际	
奥林巴斯（OLYMPUS）M.ZUIKO DIGITAL 45mm F1.8 定焦人像镜头 微单镜头 背景虚化 银色 等效90mm 45mm F1.8 银色",￥1499.00,蜗牛国际数码海外官方旗舰店,https://item.jd.com/10099547189303.html
"拍拍	
奥林巴斯/OLYMPUS 二手微单相机 EPL8 9 EM5 EM10 二代三代微单反复古照相机 奥林巴斯 E-PL7 14-42套机 95成新",￥2379.00,摄贸二手数码专营店,https://item.jd.com/10081744164594.html
"京东国际	
奥林巴斯（OLYMPUS）PEN-FpenfEP7EP5EPL7EPL9EPL10高端复古微单相机 99新E-P5 官方标配 +14-42EZ 电动变焦镜头",￥5534.42,JINGSONG运动户外海外专营店,https://item.jd.com/10103076817248.html
"拍拍	
奥林巴斯/OLYMPUS EM5 EM10 微单相机 套机 奥林巴斯 二手微单相机 95新 奥林巴斯E-PL3  14-42套机 95新",￥1399.00,摄贸二手数码专营店,https://item.jd.com/10054478818887.html
奥林巴斯（OLYMPUS）E-M10 MarkIV EM10四代 数码微单相机 银色【E-M10 M4】14-42套机 套餐二,￥6799.00,腾苈跃数码经营部,https://item.jd.com/10100516476232.html
"奥林巴斯（OLYMPUS）OM-1微单相机 数码相机 微单机身 7档机身防抖 1053对焦点 全像素高速连拍 高速动态视频
								【预售】100抵2100！7档机身防抖！全像素高速连拍！高速动态视频！旗舰级专业微单相机！买家秀赠128G极速卡！白条免息！",￥,奥林巴斯京东自营旗舰店,https://item.jd.com/100033146316.html
"京东国际	
奥林巴斯奥之心-/四代微型单电无反入门数码相机 ' 银14-42+黑40-150双镜头",￥9502.02,HAOSHEG海外专营店,https://item.jd.com/10096803991748.html
"京东国际	
奥林巴斯（OLYMPUS）PEN E-P7 EP7 EM10四代 微单相机 数码相机套机 双镜头 复古旅游学生相机 E-P7 双变焦镜头套机 银黑色",￥6669.00,信威国际海外旗舰店,https://item.jd.com/10093113746181.html
"奥林巴斯 OLYMPUS PEN E-P7 微单相机 EP7数码相机 微单套机（14-42mm F3.5-5.6）2030万像素
								经典色彩配置！高颜值微单相机！买家秀赠64G卡！白条免息！",￥,奥林巴斯京东自营旗舰店,https://item.jd.com/100023131362.html
"京东国际	
奥林巴斯（OLYMPUS）PEN E-P7 EP7 EM10四代 微单相机 数码相机套机 双镜头 复古旅游学生相机 E-P7+14-42mm单变焦镜头套机 银白色",￥5999.00,信威国际海外旗舰店,https://item.jd.com/10101350376646.html
"京东国际	
奥林巴斯（OLYMPUS）【奥林巴斯】Olympus/奥林巴斯 fe CCD老数码相机 复古感 详细介绍和样片 标配
								本店所售机器均为展示机或者仅拆封的机器，本店不支持七天无理由，请了解后考虑清楚再下单。",￥959.00,XINGRUI运动户外海外专营店,https://item.jd.com/10101372698107.html
奥林巴斯（OLYMPUS）OM-1微单相机 数码相机 微单机身 （12-40mm F2.8 PRO II）1053对焦点 全像素高速连拍,￥,奥林巴斯京东自营旗舰店,https://item.jd.com/100033146314.html
"京东国际	
奥林巴斯（OLYMPUS）奥之心 PEN E-P7 微单相机 数码复古相机 微单无反照相机 EP7+14-42mm镜头 白色
								【京东国际自营】经典复古设计，可翻转屏幕，4K视频拍摄！保税仓发货，最快次日达！",￥5799.00,数码海外京东自营专区,https://item.jd.com/100089283460.html
"京东国际	
奥林巴斯（OLYMPUS）PEN E-P7 EP7 EM10四代 微单相机 数码相机套机 双镜头 复古旅游学生相机 E-P7 双变焦镜头套机 银白色",￥6399.00,信威国际海外旗舰店,https://item.jd.com/10093113746180.html
"京东国际	
奥林巴斯（OLYMPUS）PEN-FpenfEP7EP5EPL7EPL9EPL10高端复古微单相机 98新E-P.L5 官方标配 +14-42EZ 电动变焦镜头",￥3194.02,JINGSONG运动户外海外专营店,https://item.jd.com/10103076817268.html
"拍拍	
奥林巴斯/OLYMPUS 二手微单相机 EPL8 9 EM5 EM10 二代三代微单反复古照相机 奥林巴斯 E-PL1 仅机身 95成新",￥899.00,摄贸二手数码专营店,https://item.jd.com/10081744164928.html
"京东国际	
奥林巴斯（OLYMPUS）OM-5 微单相机数码相机 五轴防抖手持高像素 星空自动对焦 OM-5 单机身 黑色",￥7199.00,amazing world海外专营店,https://item.jd.com/10028266899104.html
"奥林巴斯（OLYMPUS）M.ZUIKO DIGITAL ED 30mm F3.5 Macro 微距镜头 微单镜头 等效60mm
								等效60mm微距镜头到手价不高于1699元！白条免息！",￥,奥林巴斯京东自营旗舰店,https://item.jd.com/3924874.html
"拍拍	
奥林巴斯/OLYMPUS EM5 EM10 微单相机 套机 奥林巴斯 二手微单相机 95新 奥林巴斯E-M10 14-42 套机 黑色 95新",￥2599.00,摄贸二手数码专营店,https://item.jd.com/57522244867.html
"京东国际	
奥林巴斯（OLYMPUS）E-M10 MarkIV EM10四代 微单相机 数码相机 微单套机 E-M10 M4 14-42mm+40-150mm 黑色
								【京东国际自营】限时晒单送备用电池！小巧轻量，4.5档机身防抖，全新2030万像素！保税仓发货，最快次日达！",￥6499.00,数码海外京东自营专区,https://item.jd.com/100096881751.html
"京东国际	
奥林巴斯（OLYMPUS）SZ-MR长焦数码微单卡片相机追月亮神器SZ 标配 7成新奥林巴斯SZ-30MR(已售完)
								本店所售机器均为展示机或者仅拆封的机器，本店不支持七天无理由，请了解后考虑清楚再下单。",￥1019.00,XINGRUI运动户外海外专营店,https://item.jd.com/10101372562044.html
"拍拍	
奥林巴斯/OLYMPUS EM5 EM10 微单相机 套机 奥林巴斯 二手微单相机 95新 奥林巴斯 PL1S 单机 95新",￥799.00,摄贸二手数码专营店,https://item.jd.com/10093028075512.html
"京东国际	
奥林巴斯（OLYMPUS）胶片机 OM1 Om-1 OM-1N 50/1.8 套机 胶卷相机",￥2070.00,BXHS海外专营店,https://item.jd.com/10102927464226.html
奥林巴斯（OLYMPUS）PEN E-P7 微单相机 奥之心复古无反数码相机 轻巧便携 日本直邮 PEN E-P7白色 单机身,￥5299.00,MABC海外官方旗舰店,https://item.jd.com/10073065752217.html
"京东国际	
奥林巴斯-四代微单相机数码相机单机身.档强化机身防抖 ' 14-42mm银",￥8548.10,HAOSHEG海外专营店,https://item.jd.com/10096804093963.html
"京东国际	
奥林巴斯（OLYMPUS）EPL7女生入门级微单学生数码照相机vlog旅游高清自拍 95新EPL7 标配【单机身】 单机不带镜",￥2207.00,COLALA海外旗舰店,https://item.jd.com/10103713712512.html
"京东国际	
奥林巴斯（OLYMPUS）PEN-FpenfEP7EP5EPL7EPL9EPL10高端复古微单相机 98新E-P.L7 官方标配 +14-42EZ 电动变焦镜头",￥4580.82,JINGSONG运动户外海外专营店,https://item.jd.com/10103076817252.html
"京东国际	
奥林巴斯（OLYMPUS）STYLUS SH-1/SH-60/SH-50/SH-25/VH510复古相机 SH-21变焦12.5倍 标配",￥1332.00,LEONA海外卖场店,https://item.jd.com/10104049577015.html
"拍拍	
奥林巴斯/OLYMPUS 二手微单相机 EPL8 9 EM5 EM10 二代三代微单反复古照相机 奥林巴斯 PL1S 仅机身 95成新",￥799.00,摄贸二手数码专营店,https://item.jd.com/10093033769826.html
奥林巴斯（OLYMPUS）PENE-P7微单相机EP7相机套机照相机复古旅游学生相机E-P7单机白色 E-P7 单机银色,￥8597.00,ABSUN海外旗舰店,https://item.jd.com/10095993754984.html
"京东国际	
奥林巴斯（OLYMPUS）M.ZUIKO DIGITAL 45mm F1.8 定焦人像镜头 微单镜头 背景虚化 银色 等效90mm 45mm F1.8 银色",￥1499.00,蜗牛国际数码海外官方旗舰店,https://item.jd.com/10099547189303.html
"拍拍	
奥林巴斯/OLYMPUS 二手微单相机 EPL8 9 EM5 EM10 二代三代微单反复古照相机 奥林巴斯 E-PL7 14-42套机 95成新",￥2379.00,摄贸二手数码专营店,https://item.jd.com/10081744164594.html
"京东国际	
奥林巴斯（OLYMPUS）PEN-FpenfEP7EP5EPL7EPL9EPL10高端复古微单相机 99新E-P5 官方标配 +14-42EZ 电动变焦镜头",￥5534.42,JINGSONG运动户外海外专营店,https://item.jd.com/10103076817248.html
"拍拍	
奥林巴斯/OLYMPUS EM5 EM10 微单相机 套机 奥林巴斯 二手微单相机 95新 奥林巴斯E-PL3  14-42套机 95新",￥1399.00,摄贸二手数码专营店,https://item.jd.com/10054478818887.html
奥林巴斯（OLYMPUS）E-M10 MarkIV EM10四代 数码微单相机 银色【E-M10 M4】14-42套机 套餐二,￥6799.00,腾苈跃数码经营部,https://item.jd.com/10100516476232.html
"奥林巴斯（OLYMPUS）OM-1微单相机 数码相机 微单机身 7档机身防抖 1053对焦点 全像素高速连拍 高速动态视频
								【预售】100抵2100！7档机身防抖！全像素高速连拍！高速动态视频！旗舰级专业微单相机！买家秀赠128G极速卡！白条免息！",￥,奥林巴斯京东自营旗舰店,https://item.jd.com/100033146316.html
"京东国际	
奥林巴斯奥之心-/四代微型单电无反入门数码相机 ' 银14-42+黑40-150双镜头",￥9502.02,HAOSHEG海外专营店,https://item.jd.com/10096803991748.html
"京东国际	
奥林巴斯（OLYMPUS）PEN E-P7 EP7 EM10四代 微单相机 数码相机套机 双镜头 复古旅游学生相机 E-P7 双变焦镜头套机 银黑色",￥6669.00,信威国际海外旗舰店,https://item.jd.com/10093113746181.html
"奥林巴斯 OLYMPUS PEN E-P7 微单相机 EP7数码相机 微单套机（14-42mm F3.5-5.6）2030万像素
								经典色彩配置！高颜值微单相机！买家秀赠64G卡！白条免息！",￥,奥林巴斯京东自营旗舰店,https://item.jd.com/100023131362.html
"京东国际	
奥林巴斯（OLYMPUS）PEN E-P7 EP7 EM10四代 微单相机 数码相机套机 双镜头 复古旅游学生相机 E-P7+14-42mm单变焦镜头套机 银白色",￥5999.00,信威国际海外旗舰店,https://item.jd.com/10101350376646.html
"京东国际	
奥林巴斯（OLYMPUS）【奥林巴斯】Olympus/奥林巴斯 fe CCD老数码相机 复古感 详细介绍和样片 标配
								本店所售机器均为展示机或者仅拆封的机器，本店不支持七天无理由，请了解后考虑清楚再下单。",￥959.00,XINGRUI运动户外海外专营店,https://item.jd.com/10101372698107.html
奥林巴斯（OLYMPUS）LI-42B 40B电池 适用奥林巴斯FE280 U1040 330 360相机1050充电器 LI-42B 40B充电器,￥22.80,京京严选数码小店,https://item.jd.com/10103517930038.html
"京东国际	
奥林巴斯（OLYMPUS）奥之心 PEN E-P7 微单相机 数码复古相机 微单无反照相机 EP7+14-42mm镜头 白色
								【京东国际自营】经典复古设计，可翻转屏幕，4K视频拍摄！保税仓发货，最快次日达！",￥5799.00,数码海外京东自营专区,https://item.jd.com/100089283460.html
"京东国际	
奥林巴斯（OLYMPUS）PEN E-P7 EP7 EM10四代 微单相机 数码相机套机 双镜头 复古旅游学生相机 E-P7 双变焦镜头套机 银白色",￥6399.00,信威国际海外旗舰店,https://item.jd.com/10093113746180.html
"京东国际	
奥林巴斯（OLYMPUS）PEN-FpenfEP7EP5EPL7EPL9EPL10高端复古微单相机 98新E-P.L5 官方标配 +14-42EZ 电动变焦镜头",￥3194.02,JINGSONG运动户外海外专营店,https://item.jd.com/10103076817268.html
"拍拍	
奥林巴斯/OLYMPUS 二手微单相机 EPL8 9 EM5 EM10 二代三代微单反复古照相机 奥林巴斯 E-PL1 仅机身 95成新",￥899.00,摄贸二手数码专营店,https://item.jd.com/10081744164928.html
"京东国际	
奥林巴斯（OLYMPUS）OM-5 微单相机数码相机 五轴防抖手持高像素 星空自动对焦 OM-5 单机身 黑色",￥7199.00,amazing world海外专营店,https://item.jd.com/10028266899104.html
奥林巴斯（OLYMPUS）OM-1微单相机 数码相机 微单机身 （12-40mm F2.8 PRO II）1053对焦点 全像素高速连拍,￥,奥林巴斯京东自营旗舰店,https://item.jd.com/100033146314.html
"奥林巴斯（OLYMPUS）M.ZUIKO DIGITAL ED 30mm F3.5 Macro 微距镜头 微单镜头 等效60mm
								等效60mm微距镜头到手价不高于1699元！白条免息！",￥,奥林巴斯京东自营旗舰店,https://item.jd.com/3924874.html
"拍拍	
奥林巴斯/OLYMPUS EM5 EM10 微单相机 套机 奥林巴斯 二手微单相机 95新 奥林巴斯E-M10 14-42 套机 黑色 95新",￥2599.00,摄贸二手数码专营店,https://item.jd.com/57522244867.html
"京东国际	
奥林巴斯（OLYMPUS）E-M10 MarkIV EM10四代 微单相机 数码相机 微单套机 E-M10 M4 14-42mm+40-150mm 黑色
								【京东国际自营】限时晒单送备用电池！小巧轻量，4.5档机身防抖，全新2030万像素！保税仓发货，最快次日达！",￥6499.00,数码海外京东自营专区,https://item.jd.com/100096881751.html
"京东国际	
奥林巴斯（OLYMPUS）SZ-MR长焦数码微单卡片相机追月亮神器SZ 标配 7成新奥林巴斯SZ-30MR(已售完)
								本店所售机器均为展示机或者仅拆封的机器，本店不支持七天无理由，请了解后考虑清楚再下单。",￥1019.00,XINGRUI运动户外海外专营店,https://item.jd.com/10101372562044.html
"拍拍	
奥林巴斯/OLYMPUS EM5 EM10 微单相机 套机 奥林巴斯 二手微单相机 95新 奥林巴斯 PL1S 单机 95新",￥799.00,摄贸二手数码专营店,https://item.jd.com/10093028075512.html
"京东国际	
奥林巴斯（OLYMPUS）胶片机 OM1 Om-1 OM-1N 50/1.8 套机 胶卷相机",￥2070.00,BXHS海外专营店,https://item.jd.com/10102927464226.html
"京东国际	
奥林巴斯-四代微单相机数码相机单机身.档强化机身防抖 ' 14-42mm银",￥8548.10,HAOSHEG海外专营店,https://item.jd.com/10096804093963.html
"京东国际	
奥林巴斯（OLYMPUS）EPL7女生入门级微单学生数码照相机vlog旅游高清自拍 95新EPL7 标配【单机身】 单机不带镜",￥2207.00,COLALA海外旗舰店,https://item.jd.com/10103713712512.html
"京东国际	
奥林巴斯（OLYMPUS）PEN-FpenfEP7EP5EPL7EPL9EPL10高端复古微单相机 98新E-P.L7 官方标配 +14-42EZ 电动变焦镜头",￥4580.82,JINGSONG运动户外海外专营店,https://item.jd.com/10103076817252.html
"京东国际	
奥林巴斯（OLYMPUS）STYLUS SH-1/SH-60/SH-50/SH-25/VH510复古相机 SH-21变焦12.5倍 标配",￥1332.00,LEONA海外卖场店,https://item.jd.com/10104049577015.html
"拍拍	
奥林巴斯/OLYMPUS 二手微单相机 EPL8 9 EM5 EM10 二代三代微单反复古照相机 奥林巴斯 PL1S 仅机身 95成新",￥799.00,摄贸二手数码专营店,https://item.jd.com/10093033769826.html
奥林巴斯（OLYMPUS）PEN E-P7 微单相机 奥之心复古无反数码相机 轻巧便携 日本直邮 PEN E-P7白色 单机身,￥5299.00,MABC海外官方旗舰店,https://item.jd.com/10073065752217.html
"京东国际	
奥林巴斯（OLYMPUS）M.ZUIKO DIGITAL 45mm F1.8 定焦人像镜头 微单镜头 背景虚化 银色 等效90mm 45mm F1.8 银色",￥1499.00,蜗牛国际数码海外官方旗舰店,https://item.jd.com/10099547189303.html
"拍拍	
奥林巴斯/OLYMPUS 二手微单相机 EPL8 9 EM5 EM10 二代三代微单反复古照相机 奥林巴斯 E-PL7 14-42套机 95成新",￥2379.00,摄贸二手数码专营店,https://item.jd.com/10081744164594.html
"京东国际	
奥林巴斯（OLYMPUS）PEN-FpenfEP7EP5EPL7EPL9EPL10高端复古微单相机 99新E-P5 官方标配 +14-42EZ 电动变焦镜头",￥5534.42,JINGSONG运动户外海外专营店,https://item.jd.com/10103076817248.html
"拍拍	
奥林巴斯/OLYMPUS EM5 EM10 微单相机 套机 奥林巴斯 二手微单相机 95新 奥林巴斯E-PL3  14-42套机 95新",￥1399.00,摄贸二手数码专营店,https://item.jd.com/10054478818887.html
奥林巴斯（OLYMPUS）E-M10 MarkIV EM10四代 数码微单相机 银色【E-M10 M4】14-42套机 套餐二,￥6799.00,腾苈跃数码经营部,https://item.jd.com/10100516476232.html
"奥林巴斯（OLYMPUS）OM-1微单相机 数码相机 微单机身 7档机身防抖 1053对焦点 全像素高速连拍 高速动态视频
								【预售】100抵2100！7档机身防抖！全像素高速连拍！高速动态视频！旗舰级专业微单相机！买家秀赠128G极速卡！白条免息！",￥,奥林巴斯京东自营旗舰店,https://item.jd.com/100033146316.html
"京东国际	
奥林巴斯奥之心-/四代微型单电无反入门数码相机 ' 银14-42+黑40-150双镜头",￥9502.02,HAOSHEG海外专营店,https://item.jd.com/10096803991748.html
"京东国际	
奥林巴斯（OLYMPUS）PEN E-P7 EP7 EM10四代 微单相机 数码相机套机 双镜头 复古旅游学生相机 E-P7 双变焦镜头套机 银黑色",￥6669.00,信威国际海外旗舰店,https://item.jd.com/10093113746181.html
"奥林巴斯 OLYMPUS PEN E-P7 微单相机 EP7数码相机 微单套机（14-42mm F3.5-5.6）2030万像素
								经典色彩配置！高颜值微单相机！买家秀赠64G卡！白条免息！",￥,奥林巴斯京东自营旗舰店,https://item.jd.com/100023131362.html
"京东国际	
奥林巴斯（OLYMPUS）PEN E-P7 EP7 EM10四代 微单相机 数码相机套机 双镜头 复古旅游学生相机 E-P7+14-42mm单变焦镜头套机 银白色",￥5999.00,信威国际海外旗舰店,https://item.jd.com/10101350376646.html
"京东国际	
奥林巴斯（OLYMPUS）【奥林巴斯】Olympus/奥林巴斯 fe CCD老数码相机 复古感 详细介绍和样片 标配
								本店所售机器均为展示机或者仅拆封的机器，本店不支持七天无理由，请了解后考虑清楚再下单。",￥959.00,XINGRUI运动户外海外专营店,https://item.jd.com/10101372698107.html
奥林巴斯（OLYMPUS）OM-1微单相机 数码相机 微单机身 （12-40mm F2.8 PRO II）1053对焦点 全像素高速连拍,￥,奥林巴斯京东自营旗舰店,https://item.jd.com/100033146314.html
"京东国际	
奥林巴斯（OLYMPUS）奥之心 PEN E-P7 微单相机 数码复古相机 微单无反照相机 EP7+14-42mm镜头 白色
								【京东国际自营】经典复古设计，可翻转屏幕，4K视频拍摄！保税仓发货，最快次日达！",￥5799.00,数码海外京东自营专区,https://item.jd.com/100089283460.html
"京东国际	
奥林巴斯（OLYMPUS）PEN E-P7 EP7 EM10四代 微单相机 数码相机套机 双镜头 复古旅游学生相机 E-P7 双变焦镜头套机 银白色",￥6399.00,信威国际海外旗舰店,https://item.jd.com/10093113746180.html
"京东国际	
奥林巴斯（OLYMPUS）PEN-FpenfEP7EP5EPL7EPL9EPL10高端复古微单相机 98新E-P.L5 官方标配 +14-42EZ 电动变焦镜头",￥3194.02,JINGSONG运动户外海外专营店,https://item.jd.com/10103076817268.html
"拍拍	
奥林巴斯/OLYMPUS 二手微单相机 EPL8 9 EM5 EM10 二代三代微单反复古照相机 奥林巴斯 E-PL1 仅机身 95成新",￥899.00,摄贸二手数码专营店,https://item.jd.com/10081744164928.html
"京东国际	
奥林巴斯（OLYMPUS）OM-5 微单相机数码相机 五轴防抖手持高像素 星空自动对焦 OM-5 单机身 黑色",￥7199.00,amazing world海外专营店,https://item.jd.com/10028266899104.html
奥林巴斯（OLYMPUS）LI-42B 40B电池 适用奥林巴斯FE280 U1040 330 360相机1050充电器 LI-42B 40B电池+充电器,￥42.86,京京严选数码小店,https://item.jd.com/10103517930040.html
"奥林巴斯（OLYMPUS）M.ZUIKO DIGITAL ED 30mm F3.5 Macro 微距镜头 微单镜头 等效60mm
								等效60mm微距镜头到手价不高于1699元！白条免息！",￥,奥林巴斯京东自营旗舰店,https://item.jd.com/3924874.html
"拍拍	
奥林巴斯/OLYMPUS EM5 EM10 微单相机 套机 奥林巴斯 二手微单相机 95新 奥林巴斯E-M10 14-42 套机 黑色 95新",￥2599.00,摄贸二手数码专营店,https://item.jd.com/57522244867.html
"京东国际	
奥林巴斯（OLYMPUS）E-M10 MarkIV EM10四代 微单相机 数码相机 微单套机 E-M10 M4 14-42mm+40-150mm 黑色
								【京东国际自营】限时晒单送备用电池！小巧轻量，4.5档机身防抖，全新2030万像素！保税仓发货，最快次日达！",￥6499.00,数码海外京东自营专区,https://item.jd.com/100096881751.html
"京东国际	
奥林巴斯（OLYMPUS）SZ-MR长焦数码微单卡片相机追月亮神器SZ 标配 7成新奥林巴斯SZ-30MR(已售完)
								本店所售机器均为展示机或者仅拆封的机器，本店不支持七天无理由，请了解后考虑清楚再下单。",￥1019.00,XINGRUI运动户外海外专营店,https://item.jd.com/10101372562044.html
"拍拍	
奥林巴斯/OLYMPUS EM5 EM10 微单相机 套机 奥林巴斯 二手微单相机 95新 奥林巴斯 PL1S 单机 95新",￥799.00,摄贸二手数码专营店,https://item.jd.com/10093028075512.html
"京东国际	
奥林巴斯（OLYMPUS）胶片机 OM1 Om-1 OM-1N 50/1.8 套机 胶卷相机",￥2070.00,BXHS海外专营店,https://item.jd.com/10102927464226.html
"京东国际	
奥林巴斯-四代微单相机数码相机单机身.档强化机身防抖 ' 14-42mm银",￥8548.10,HAOSHEG海外专营店,https://item.jd.com/10096804093963.html
"京东国际	
奥林巴斯（OLYMPUS）EPL7女生入门级微单学生数码照相机vlog旅游高清自拍 95新EPL7 标配【单机身】 单机不带镜",￥2207.00,COLALA海外旗舰店,https://item.jd.com/10103713712512.html
"京东国际	
奥林巴斯（OLYMPUS）PEN-FpenfEP7EP5EPL7EPL9EPL10高端复古微单相机 98新E-P.L7 官方标配 +14-42EZ 电动变焦镜头",￥4580.82,JINGSONG运动户外海外专营店,https://item.jd.com/10103076817252.html
"京东国际	
奥林巴斯（OLYMPUS）STYLUS SH-1/SH-60/SH-50/SH-25/VH510复古相机 SH-21变焦12.5倍 标配",￥1332.00,LEONA海外卖场店,https://item.jd.com/10104049577015.html
"拍拍	
奥林巴斯/OLYMPUS 二手微单相机 EPL8 9 EM5 EM10 二代三代微单反复古照相机 奥林巴斯 PL1S 仅机身 95成新",￥799.00,摄贸二手数码专营店,https://item.jd.com/10093033769826.html
奥林巴斯（OLYMPUS）PEN E-P7 微单相机 奥之心复古无反数码相机 轻巧便携 日本直邮 PEN E-P7白色 单机身,￥5299.00,MABC海外官方旗舰店,https://item.jd.com/10073065752217.html
"京东国际	
奥林巴斯（OLYMPUS）M.ZUIKO DIGITAL 45mm F1.8 定焦人像镜头 微单镜头 背景虚化 银色 等效90mm 45mm F1.8 银色",￥1499.00,蜗牛国际数码海外官方旗舰店,https://item.jd.com/10099547189303.html
"拍拍	
奥林巴斯/OLYMPUS 二手微单相机 EPL8 9 EM5 EM10 二代三代微单反复古照相机 奥林巴斯 E-PL7 14-42套机 95成新",￥2379.00,摄贸二手数码专营店,https://item.jd.com/10081744164594.html
"京东国际	
奥林巴斯（OLYMPUS）PEN-FpenfEP7EP5EPL7EPL9EPL10高端复古微单相机 99新E-P5 官方标配 +14-42EZ 电动变焦镜头",￥5534.42,JINGSONG运动户外海外专营店,https://item.jd.com/10103076817248.html
"拍拍	
奥林巴斯/OLYMPUS EM5 EM10 微单相机 套机 奥林巴斯 二手微单相机 95新 奥林巴斯E-PL3  14-42套机 95新",￥1399.00,摄贸二手数码专营店,https://item.jd.com/10054478818887.html
奥林巴斯（OLYMPUS）E-M10 MarkIV EM10四代 数码微单相机 银色【E-M10 M4】14-42套机 套餐二,￥6799.00,腾苈跃数码经营部,https://item.jd.com/10100516476232.html
"奥林巴斯（OLYMPUS）OM-1微单相机 数码相机 微单机身 7档机身防抖 1053对焦点 全像素高速连拍 高速动态视频
								【预售】100抵2100！7档机身防抖！全像素高速连拍！高速动态视频！旗舰级专业微单相机！买家秀赠128G极速卡！白条免息！",￥,奥林巴斯京东自营旗舰店,https://item.jd.com/100033146316.html
"京东国际	
奥林巴斯奥之心-/四代微型单电无反入门数码相机 ' 银14-42+黑40-150双镜头",￥9502.02,HAOSHEG海外专营店,https://item.jd.com/10096803991748.html
"京东国际	
奥林巴斯（OLYMPUS）PEN E-P7 EP7 EM10四代 微单相机 数码相机套机 双镜头 复古旅游学生相机 E-P7 双变焦镜头套机 银黑色",￥6669.00,信威国际海外旗舰店,https://item.jd.com/10093113746181.html
"奥林巴斯 OLYMPUS PEN E-P7 微单相机 EP7数码相机 微单套机（14-42mm F3.5-5.6）2030万像素
								经典色彩配置！高颜值微单相机！买家秀赠64G卡！白条免息！",￥,奥林巴斯京东自营旗舰店,https://item.jd.com/100023131362.html
"京东国际	
奥林巴斯（OLYMPUS）PEN E-P7 EP7 EM10四代 微单相机 数码相机套机 双镜头 复古旅游学生相机 E-P7+14-42mm单变焦镜头套机 银白色",￥5999.00,信威国际海外旗舰店,https://item.jd.com/10101350376646.html
"京东国际	
奥林巴斯（OLYMPUS）【奥林巴斯】Olympus/奥林巴斯 fe CCD老数码相机 复古感 详细介绍和样片 标配
								本店所售机器均为展示机或者仅拆封的机器，本店不支持七天无理由，请了解后考虑清楚再下单。",￥959.00,XINGRUI运动户外海外专营店,https://item.jd.com/10101372698107.html
奥林巴斯（OLYMPUS）OM-1微单相机 数码相机 微单机身 （12-40mm F2.8 PRO II）1053对焦点 全像素高速连拍,￥,奥林巴斯京东自营旗舰店,https://item.jd.com/100033146314.html
"京东国际	
奥林巴斯（OLYMPUS）奥之心 PEN E-P7 微单相机 数码复古相机 微单无反照相机 EP7+14-42mm镜头 白色
								【京东国际自营】经典复古设计，可翻转屏幕，4K视频拍摄！保税仓发货，最快次日达！",￥5799.00,数码海外京东自营专区,https://item.jd.com/100089283460.html
"京东国际	
奥林巴斯（OLYMPUS）PEN E-P7 EP7 EM10四代 微单相机 数码相机套机 双镜头 复古旅游学生相机 E-P7 双变焦镜头套机 银白色",￥6399.00,信威国际海外旗舰店,https://item.jd.com/10093113746180.html
"京东国际	
奥林巴斯（OLYMPUS）PEN-FpenfEP7EP5EPL7EPL9EPL10高端复古微单相机 98新E-P.L5 官方标配 +14-42EZ 电动变焦镜头",￥3194.02,JINGSONG运动户外海外专营店,https://item.jd.com/10103076817268.html
"拍拍	
奥林巴斯/OLYMPUS 二手微单相机 EPL8 9 EM5 EM10 二代三代微单反复古照相机 奥林巴斯 E-PL1 仅机身 95成新",￥899.00,摄贸二手数码专营店,https://item.jd.com/10081744164928.html
"京东国际	
奥林巴斯（OLYMPUS）OM-5 微单相机数码相机 五轴防抖手持高像素 星空自动对焦 OM-5 单机身 黑色",￥7199.00,amazing world海外专营店,https://item.jd.com/10028266899104.html
"奥林巴斯（OLYMPUS）M.ZUIKO DIGITAL ED 30mm F3.5 Macro 微距镜头 微单镜头 等效60mm
								等效60mm微距镜头到手价不高于1699元！白条免息！",￥,奥林巴斯京东自营旗舰店,https://item.jd.com/3924874.html
"拍拍	
奥林巴斯/OLYMPUS EM5 EM10 微单相机 套机 奥林巴斯 二手微单相机 95新 奥林巴斯E-M10 14-42 套机 黑色 95新",￥2599.00,摄贸二手数码专营店,https://item.jd.com/57522244867.html
"京东国际	
奥林巴斯（OLYMPUS）E-M10 MarkIV EM10四代 微单相机 数码相机 微单套机 E-M10 M4 14-42mm+40-150mm 黑色
								【京东国际自营】限时晒单送备用电池！小巧轻量，4.5档机身防抖，全新2030万像素！保税仓发货，最快次日达！",￥6499.00,数码海外京东自营专区,https://item.jd.com/100096881751.html
"京东国际	
奥林巴斯（OLYMPUS）SZ-MR长焦数码微单卡片相机追月亮神器SZ 标配 7成新奥林巴斯SZ-30MR(已售完)
								本店所售机器均为展示机或者仅拆封的机器，本店不支持七天无理由，请了解后考虑清楚再下单。",￥1019.00,XINGRUI运动户外海外专营店,https://item.jd.com/10101372562044.html
"拍拍	
奥林巴斯/OLYMPUS EM5 EM10 微单相机 套机 奥林巴斯 二手微单相机 95新 奥林巴斯 PL1S 单机 95新",￥799.00,摄贸二手数码专营店,https://item.jd.com/10093028075512.html
"京东国际	
奥林巴斯（OLYMPUS）胶片机 OM1 Om-1 OM-1N 50/1.8 套机 胶卷相机",￥2070.00,BXHS海外专营店,https://item.jd.com/10102927464226.html
奥林巴斯（OLYMPUS）PEN E-P7 微单相机 奥之心复古无反数码相机 轻巧便携 日本直邮 PEN E-P7白色 单机身,￥5299.00,MABC海外官方旗舰店,https://item.jd.com/10073065752217.html
"京东国际	
奥林巴斯-四代微单相机数码相机单机身.档强化机身防抖 ' 14-42mm银",￥8548.10,HAOSHEG海外专营店,https://item.jd.com/10096804093963.html
"京东国际	
奥林巴斯（OLYMPUS）EPL7女生入门级微单学生数码照相机vlog旅游高清自拍 95新EPL7 标配【单机身】 单机不带镜",￥2207.00,COLALA海外旗舰店,https://item.jd.com/10103713712512.html
"京东国际	
奥林巴斯（OLYMPUS）PEN-FpenfEP7EP5EPL7EPL9EPL10高端复古微单相机 98新E-P.L7 官方标配 +14-42EZ 电动变焦镜头",￥4580.82,JINGSONG运动户外海外专营店,https://item.jd.com/10103076817252.html
"京东国际	
奥林巴斯（OLYMPUS）STYLUS SH-1/SH-60/SH-50/SH-25/VH510复古相机 SH-21变焦12.5倍 标配",￥1332.00,LEONA海外卖场店,https://item.jd.com/10104049577015.html
"拍拍	
奥林巴斯/OLYMPUS 二手微单相机 EPL8 9 EM5 EM10 二代三代微单反复古照相机 奥林巴斯 PL1S 仅机身 95成新",￥799.00,摄贸二手数码专营店,https://item.jd.com/10093033769826.html
奥林巴斯（OLYMPUS）PENE-P7微单相机EP7相机套机照相机复古旅游学生相机E-P7单机白色 E-P7 单机银色,￥8597.00,ABSUN海外旗舰店,https://item.jd.com/10095993754984.html
"京东国际	
奥林巴斯（OLYMPUS）M.ZUIKO DIGITAL 45mm F1.8 定焦人像镜头 微单镜头 背景虚化 银色 等效90mm 45mm F1.8 银色",￥1499.00,蜗牛国际数码海外官方旗舰店,https://item.jd.com/10099547189303.html
"拍拍	
奥林巴斯/OLYMPUS 二手微单相机 EPL8 9 EM5 EM10 二代三代微单反复古照相机 奥林巴斯 E-PL7 14-42套机 95成新",￥2379.00,摄贸二手数码专营店,https://item.jd.com/10081744164594.html
"京东国际	
奥林巴斯（OLYMPUS）PEN-FpenfEP7EP5EPL7EPL9EPL10高端复古微单相机 99新E-P5 官方标配 +14-42EZ 电动变焦镜头",￥5534.42,JINGSONG运动户外海外专营店,https://item.jd.com/10103076817248.html
"拍拍	
奥林巴斯/OLYMPUS EM5 EM10 微单相机 套机 奥林巴斯 二手微单相机 95新 奥林巴斯E-PL3  14-42套机 95新",￥1399.00,摄贸二手数码专营店,https://item.jd.com/10054478818887.html
奥林巴斯（OLYMPUS）E-M10 MarkIV EM10四代 数码微单相机 银色【E-M10 M4】14-42套机 套餐二,￥6799.00,腾苈跃数码经营部,https://item.jd.com/10100516476232.html
